/* Generated by tools/gen_font_aa.py - do not edit by hand.
 *
 * 8x16 glyphs with 8-bit coverage, rendered from an outline font at
 * 8x and box-downsampled, so draw_char can alpha-blend edges instead
 * of painting hard pixels. One byte per pixel, one row per line.
 *
 * Source font: DejaVuSansMono.ttf
 * Em size chosen by measurement: 11.32 px (baseline on row 11)
 */

static const uint8_t font_aa_ascii[128][16][8] = {
    [0x20] = {  /*   */
        {0x00,0x00,0x00,0x00,0x00,0x00,0x00,0x00},
        {0x00,0x00,0x00,0x00,0x00,0x00,0x00,0x00},
        {0x00,0x00,0x00,0x00,0x00,0x00,0x00,0x00},
        {0x00,0x00,0x00,0x00,0x00,0x00,0x00,0x00},
        {0x00,0x00,0x00,0x00,0x00,0x00,0x00,0x00},
        {0x00,0x00,0x00,0x00,0x00,0x00,0x00,0x00},
        {0x00,0x00,0x00,0x00,0x00,0x00,0x00,0x00},
        {0x00,0x00,0x00,0x00,0x00,0x00,0x00,0x00},
        {0x00,0x00,0x00,0x00,0x00,0x00,0x00,0x00},
        {0x00,0x00,0x00,0x00,0x00,0x00,0x00,0x00},
        {0x00,0x00,0x00,0x00,0x00,0x00,0x00,0x00},
        {0x00,0x00,0x00,0x00,0x00,0x00,0x00,0x00},
        {0x00,0x00,0x00,0x00,0x00,0x00,0x00,0x00},
        {0x00,0x00,0x00,0x00,0x00,0x00,0x00,0x00},
        {0x00,0x00,0x00,0x00,0x00,0x00,0x00,0x00},
        {0x00,0x00,0x00,0x00,0x00,0x00,0x00,0x00},
    },
    [0x21] = {  /* ! */
        {0x00,0x00,0x00,0x00,0x00,0x00,0x00,0x00},
        {0x00,0x00,0x00,0x00,0x00,0x00,0x00,0x00},
        {0x00,0x00,0x00,0x21,0x28,0x00,0x00,0x00},
        {0x00,0x00,0x00,0x82,0x9E,0x00,0x00,0x00},
        {0x00,0x00,0x00,0x82,0x9E,0x00,0x00,0x00},
        {0x00,0x00,0x00,0x82,0x9E,0x00,0x00,0x00},
        {0x00,0x00,0x00,0x7F,0x9B,0x00,0x00,0x00},
        {0x00,0x00,0x00,0x71,0x8D,0x00,0x00,0x00},
        {0x00,0x00,0x00,0x27,0x31,0x00,0x00,0x00},
        {0x00,0x00,0x00,0x31,0x3B,0x00,0x00,0x00},
        {0x00,0x00,0x00,0x82,0x9E,0x00,0x00,0x00},
        {0x00,0x00,0x00,0x00,0x00,0x00,0x00,0x00},
        {0x00,0x00,0x00,0x00,0x00,0x00,0x00,0x00},
        {0x00,0x00,0x00,0x00,0x00,0x00,0x00,0x00},
        {0x00,0x00,0x00,0x00,0x00,0x00,0x00,0x00},
        {0x00,0x00,0x00,0x00,0x00,0x00,0x00,0x00},
    },
    [0x22] = {  /* " */
        {0x00,0x00,0x00,0x00,0x00,0x00,0x00,0x00},
        {0x00,0x00,0x00,0x00,0x00,0x00,0x00,0x00},
        {0x00,0x00,0x20,0x1E,0x18,0x26,0x00,0x00},
        {0x00,0x00,0x7F,0x78,0x5F,0x98,0x00,0x00},
        {0x00,0x00,0x7F,0x78,0x5F,0x98,0x00,0x00},
        {0x00,0x00,0x6F,0x69,0x53,0x85,0x00,0x00},
        {0x00,0x00,0x00,0x00,0x00,0x00,0x00,0x00},
        {0x00,0x00,0x00,0x00,0x00,0x00,0x00,0x00},
        {0x00,0x00,0x00,0x00,0x00,0x00,0x00,0x00},
        {0x00,0x00,0x00,0x00,0x00,0x00,0x00,0x00},
        {0x00,0x00,0x00,0x00,0x00,0x00,0x00,0x00},
        {0x00,0x00,0x00,0x00,0x00,0x00,0x00,0x00},
        {0x00,0x00,0x00,0x00,0x00,0x00,0x00,0x00},
        {0x00,0x00,0x00,0x00,0x00,0x00,0x00,0x00},
        {0x00,0x00,0x00,0x00,0x00,0x00,0x00,0x00},
        {0x00,0x00,0x00,0x00,0x00,0x00,0x00,0x00},
    },
    [0x23] = {  /* # */
        {0x00,0x00,0x00,0x00,0x00,0x00,0x00,0x00},
        {0x00,0x00,0x00,0x00,0x00,0x00,0x00,0x00},
        {0x00,0x00,0x00,0x0F,0x0D,0x07,0x15,0x00},
        {0x00,0x00,0x00,0xA0,0x43,0x5F,0x84,0x00},
        {0x00,0x00,0x00,0xDA,0x09,0xA1,0x42,0x00},
        {0x00,0xA2,0xE0,0xFB,0xDF,0xF8,0xE3,0x65},
        {0x00,0x00,0x5F,0x84,0x1F,0xC3,0x00,0x00},
        {0x0C,0x20,0xA7,0x5F,0x6E,0x97,0x1A,0x00},
        {0x46,0xBF,0xF8,0xBF,0xED,0xCB,0x9B,0x00},
        {0x00,0x20,0xC3,0x00,0xD8,0x0A,0x00,0x00},
        {0x00,0x61,0x81,0x21,0xC1,0x00,0x00,0x00},
        {0x00,0x00,0x00,0x00,0x00,0x00,0x00,0x00},
        {0x00,0x00,0x00,0x00,0x00,0x00,0x00,0x00},
        {0x00,0x00,0x00,0x00,0x00,0x00,0x00,0x00},
        {0x00,0x00,0x00,0x00,0x00,0x00,0x00,0x00},
        {0x00,0x00,0x00,0x00,0x00,0x00,0x00,0x00},
    },
    [0x24] = {  /* $ */
        {0x00,0x00,0x00,0x00,0x00,0x00,0x00,0x00},
        {0x00,0x00,0x00,0x00,0x00,0x00,0x00,0x00},
        {0x00,0x00,0x00,0x0E,0x4B,0x00,0x00,0x00},
        {0x00,0x00,0x0B,0x5C,0xA7,0x36,0x03,0x00},
        {0x00,0x0F,0xD5,0x86,0xAF,0x9F,0x41,0x00},
        {0x00,0x4C,0xB8,0x16,0x78,0x00,0x00,0x00},
        {0x00,0x21,0xEA,0x71,0x84,0x01,0x00,0x00},
        {0x00,0x00,0x32,0x9F,0xEC,0xD6,0x32,0x00},
        {0x00,0x00,0x00,0x16,0x78,0x65,0xBD,0x00},
        {0x00,0x21,0x18,0x16,0x78,0x5D,0xB5,0x00},
        {0x00,0x2E,0xBE,0xC2,0xDD,0xBA,0x23,0x00},
        {0x00,0x00,0x00,0x17,0x79,0x00,0x00,0x00},
        {0x00,0x00,0x00,0x0E,0x4B,0x00,0x00,0x00},
        {0x00,0x00,0x00,0x00,0x00,0x00,0x00,0x00},
        {0x00,0x00,0x00,0x00,0x00,0x00,0x00,0x00},
        {0x00,0x00,0x00,0x00,0x00,0x00,0x00,0x00},
    },
    [0x25] = {  /* % */
        {0x00,0x00,0x00,0x00,0x00,0x00,0x00,0x00},
        {0x00,0x00,0x00,0x00,0x00,0x00,0x00,0x00},
        {0x00,0x00,0x00,0x00,0x00,0x00,0x00,0x00},
        {0x00,0x98,0xC5,0xAE,0x07,0x00,0x00,0x00},
        {0x27,0xA3,0x00,0x7A,0x50,0x00,0x00,0x00},
        {0x0F,0xC8,0x4B,0xBC,0x2D,0x07,0x58,0x04},
        {0x00,0x29,0x79,0x55,0x7F,0x98,0x43,0x01},
        {0x00,0x3B,0x94,0x82,0x4F,0x7A,0x2F,0x00},
        {0x00,0x42,0x08,0x1A,0xC4,0x4B,0xC3,0x1C},
        {0x00,0x00,0x00,0x38,0x91,0x00,0x8D,0x40},
        {0x00,0x00,0x00,0x02,0xA5,0xC4,0xA7,0x04},
        {0x00,0x00,0x00,0x00,0x00,0x00,0x00,0x00},
        {0x00,0x00,0x00,0x00,0x00,0x00,0x00,0x00},
        {0x00,0x00,0x00,0x00,0x00,0x00,0x00,0x00},
        {0x00,0x00,0x00,0x00,0x00,0x00,0x00,0x00},
        {0x00,0x00,0x00,0x00,0x00,0x00,0x00,0x00},
    },
    [0x26] = {  /* & */
        {0x00,0x00,0x00,0x00,0x00,0x00,0x00,0x00},
        {0x00,0x00,0x00,0x00,0x00,0x00,0x00,0x00},
        {0x00,0x00,0x0B,0x51,0x55,0x17,0x00,0x00},
        {0x00,0x01,0xCC,0xA4,0x8C,0x5D,0x00,0x00},
        {0x00,0x0B,0xF3,0x01,0x00,0x00,0x00,0x00},
        {0x00,0x00,0xC2,0x59,0x00,0x00,0x00,0x00},
        {0x00,0x3A,0xCA,0xE1,0x23,0x00,0x27,0x13},
        {0x00,0xD6,0x24,0x55,0xCC,0x07,0x9B,0x43},
        {0x0B,0xF2,0x00,0x00,0x96,0x94,0xC3,0x16},
        {0x00,0xDA,0x58,0x00,0x09,0xE5,0xA9,0x00},
        {0x00,0x34,0xDC,0xCD,0xD7,0x99,0xE5,0x1E},
        {0x00,0x00,0x01,0x1B,0x0A,0x00,0x00,0x00},
        {0x00,0x00,0x00,0x00,0x00,0x00,0x00,0x00},
        {0x00,0x00,0x00,0x00,0x00,0x00,0x00,0x00},
        {0x00,0x00,0x00,0x00,0x00,0x00,0x00,0x00},
        {0x00,0x00,0x00,0x00,0x00,0x00,0x00,0x00},
    },
    [0x27] = {  /* apostrophe */
        {0x00,0x00,0x00,0x00,0x00,0x00,0x00,0x00},
        {0x00,0x00,0x00,0x00,0x00,0x00,0x00,0x00},
        {0x00,0x00,0x00,0x1C,0x22,0x00,0x00,0x00},
        {0x00,0x00,0x00,0x71,0x86,0x00,0x00,0x00},
        {0x00,0x00,0x00,0x71,0x86,0x00,0x00,0x00},
        {0x00,0x00,0x00,0x63,0x75,0x00,0x00,0x00},
        {0x00,0x00,0x00,0x00,0x00,0x00,0x00,0x00},
        {0x00,0x00,0x00,0x00,0x00,0x00,0x00,0x00},
        {0x00,0x00,0x00,0x00,0x00,0x00,0x00,0x00},
        {0x00,0x00,0x00,0x00,0x00,0x00,0x00,0x00},
        {0x00,0x00,0x00,0x00,0x00,0x00,0x00,0x00},
        {0x00,0x00,0x00,0x00,0x00,0x00,0x00,0x00},
        {0x00,0x00,0x00,0x00,0x00,0x00,0x00,0x00},
        {0x00,0x00,0x00,0x00,0x00,0x00,0x00,0x00},
        {0x00,0x00,0x00,0x00,0x00,0x00,0x00,0x00},
        {0x00,0x00,0x00,0x00,0x00,0x00,0x00,0x00},
    },
    [0x28] = {  /* ( */
        {0x00,0x00,0x00,0x00,0x00,0x00,0x00,0x00},
        {0x00,0x00,0x00,0x00,0x00,0x00,0x00,0x00},
        {0x00,0x00,0x00,0x00,0x56,0x3B,0x00,0x00},
        {0x00,0x00,0x00,0x0F,0xDA,0x0B,0x00,0x00},
        {0x00,0x00,0x00,0x6F,0x92,0x00,0x00,0x00},
        {0x00,0x00,0x00,0xC0,0x4B,0x00,0x00,0x00},
        {0x00,0x00,0x00,0xF1,0x21,0x00,0x00,0x00},
        {0x00,0x00,0x01,0xFE,0x15,0x00,0x00,0x00},
        {0x00,0x00,0x00,0xEC,0x25,0x00,0x00,0x00},
        {0x00,0x00,0x00,0xB7,0x53,0x00,0x00,0x00},
        {0x00,0x00,0x00,0x61,0x9E,0x00,0x00,0x00},
        {0x00,0x00,0x00,0x08,0xD7,0x13,0x00,0x00},
        {0x00,0x00,0x00,0x00,0x40,0x34,0x00,0x00},
        {0x00,0x00,0x00,0x00,0x00,0x00,0x00,0x00},
        {0x00,0x00,0x00,0x00,0x00,0x00,0x00,0x00},
        {0x00,0x00,0x00,0x00,0x00,0x00,0x00,0x00},
    },
    [0x29] = {  /* ) */
        {0x00,0x00,0x00,0x00,0x00,0x00,0x00,0x00},
        {0x00,0x00,0x00,0x00,0x00,0x00,0x00,0x00},
        {0x00,0x00,0x2B,0x65,0x00,0x00,0x00,0x00},
        {0x00,0x00,0x03,0xD4,0x1D,0x00,0x00,0x00},
        {0x00,0x00,0x00,0x79,0x87,0x00,0x00,0x00},
        {0x00,0x00,0x00,0x33,0xD9,0x00,0x00,0x00},
        {0x00,0x00,0x00,0x09,0xFE,0x0B,0x00,0x00},
        {0x00,0x00,0x00,0x00,0xFC,0x19,0x00,0x00},
        {0x00,0x00,0x00,0x0D,0xFD,0x08,0x00,0x00},
        {0x00,0x00,0x00,0x3B,0xD0,0x00,0x00,0x00},
        {0x00,0x00,0x00,0x86,0x7A,0x00,0x00,0x00},
        {0x00,0x00,0x07,0xD8,0x13,0x00,0x00,0x00},
        {0x00,0x00,0x27,0x4C,0x00,0x00,0x00,0x00},
        {0x00,0x00,0x00,0x00,0x00,0x00,0x00,0x00},
        {0x00,0x00,0x00,0x00,0x00,0x00,0x00,0x00},
        {0x00,0x00,0x00,0x00,0x00,0x00,0x00,0x00},
    },
    [0x2A] = {  /* * */
        {0x00,0x00,0x00,0x00,0x00,0x00,0x00,0x00},
        {0x00,0x00,0x00,0x00,0x00,0x00,0x00,0x00},
        {0x00,0x00,0x00,0x1A,0x23,0x00,0x00,0x00},
        {0x00,0x16,0x12,0x45,0x5E,0x0C,0x1D,0x00},
        {0x00,0x20,0x9C,0x9C,0xA5,0xA1,0x2B,0x00},
        {0x00,0x00,0x31,0xCB,0xD8,0x3D,0x00,0x00},
        {0x00,0x36,0x7C,0x4D,0x62,0x6E,0x47,0x00},
        {0x00,0x00,0x00,0x3C,0x52,0x00,0x00,0x00},
        {0x00,0x00,0x00,0x00,0x00,0x00,0x00,0x00},
        {0x00,0x00,0x00,0x00,0x00,0x00,0x00,0x00},
        {0x00,0x00,0x00,0x00,0x00,0x00,0x00,0x00},
        {0x00,0x00,0x00,0x00,0x00,0x00,0x00,0x00},
        {0x00,0x00,0x00,0x00,0x00,0x00,0x00,0x00},
        {0x00,0x00,0x00,0x00,0x00,0x00,0x00,0x00},
        {0x00,0x00,0x00,0x00,0x00,0x00,0x00,0x00},
        {0x00,0x00,0x00,0x00,0x00,0x00,0x00,0x00},
    },
    [0x2B] = {  /* + */
        {0x00,0x00,0x00,0x00,0x00,0x00,0x00,0x00},
        {0x00,0x00,0x00,0x00,0x00,0x00,0x00,0x00},
        {0x00,0x00,0x00,0x00,0x00,0x00,0x00,0x00},
        {0x00,0x00,0x00,0x00,0x00,0x00,0x00,0x00},
        {0x00,0x00,0x00,0x36,0x42,0x00,0x00,0x00},
        {0x00,0x00,0x00,0x6B,0x83,0x00,0x00,0x00},
        {0x00,0x00,0x00,0x6B,0x83,0x00,0x00,0x00},
        {0x00,0xC6,0xDF,0xED,0xF0,0xDF,0xDC,0x00},
        {0x00,0x00,0x00,0x6B,0x83,0x00,0x00,0x00},
        {0x00,0x00,0x00,0x6B,0x83,0x00,0x00,0x00},
        {0x00,0x00,0x00,0x28,0x31,0x00,0x00,0x00},
        {0x00,0x00,0x00,0x00,0x00,0x00,0x00,0x00},
        {0x00,0x00,0x00,0x00,0x00,0x00,0x00,0x00},
        {0x00,0x00,0x00,0x00,0x00,0x00,0x00,0x00},
        {0x00,0x00,0x00,0x00,0x00,0x00,0x00,0x00},
        {0x00,0x00,0x00,0x00,0x00,0x00,0x00,0x00},
    },
    [0x2C] = {  /* , */
        {0x00,0x00,0x00,0x00,0x00,0x00,0x00,0x00},
        {0x00,0x00,0x00,0x00,0x00,0x00,0x00,0x00},
        {0x00,0x00,0x00,0x00,0x00,0x00,0x00,0x00},
        {0x00,0x00,0x00,0x00,0x00,0x00,0x00,0x00},
        {0x00,0x00,0x00,0x00,0x00,0x00,0x00,0x00},
        {0x00,0x00,0x00,0x00,0x00,0x00,0x00,0x00},
        {0x00,0x00,0x00,0x00,0x00,0x00,0x00,0x00},
        {0x00,0x00,0x00,0x00,0x00,0x00,0x00,0x00},
        {0x00,0x00,0x00,0x00,0x00,0x00,0x00,0x00},
        {0x00,0x00,0x00,0x71,0x9B,0x00,0x00,0x00},
        {0x00,0x00,0x00,0xA2,0xB7,0x00,0x00,0x00},
        {0x00,0x00,0x00,0xDF,0x3D,0x00,0x00,0x00},
        {0x00,0x00,0x09,0x6C,0x00,0x00,0x00,0x00},
        {0x00,0x00,0x00,0x00,0x00,0x00,0x00,0x00},
        {0x00,0x00,0x00,0x00,0x00,0x00,0x00,0x00},
        {0x00,0x00,0x00,0x00,0x00,0x00,0x00,0x00},
    },
    [0x2D] = {  /* - */
        {0x00,0x00,0x00,0x00,0x00,0x00,0x00,0x00},
        {0x00,0x00,0x00,0x00,0x00,0x00,0x00,0x00},
        {0x00,0x00,0x00,0x00,0x00,0x00,0x00,0x00},
        {0x00,0x00,0x00,0x00,0x00,0x00,0x00,0x00},
        {0x00,0x00,0x00,0x00,0x00,0x00,0x00,0x00},
        {0x00,0x00,0x00,0x00,0x00,0x00,0x00,0x00},
        {0x00,0x00,0x00,0x00,0x00,0x00,0x00,0x00},
        {0x00,0x00,0x33,0x80,0x80,0x40,0x00,0x00},
        {0x00,0x00,0x26,0x60,0x60,0x30,0x00,0x00},
        {0x00,0x00,0x00,0x00,0x00,0x00,0x00,0x00},
        {0x00,0x00,0x00,0x00,0x00,0x00,0x00,0x00},
        {0x00,0x00,0x00,0x00,0x00,0x00,0x00,0x00},
        {0x00,0x00,0x00,0x00,0x00,0x00,0x00,0x00},
        {0x00,0x00,0x00,0x00,0x00,0x00,0x00,0x00},
        {0x00,0x00,0x00,0x00,0x00,0x00,0x00,0x00},
        {0x00,0x00,0x00,0x00,0x00,0x00,0x00,0x00},
    },
    [0x2E] = {  /* . */
        {0x00,0x00,0x00,0x00,0x00,0x00,0x00,0x00},
        {0x00,0x00,0x00,0x00,0x00,0x00,0x00,0x00},
        {0x00,0x00,0x00,0x00,0x00,0x00,0x00,0x00},
        {0x00,0x00,0x00,0x00,0x00,0x00,0x00,0x00},
        {0x00,0x00,0x00,0x00,0x00,0x00,0x00,0x00},
        {0x00,0x00,0x00,0x00,0x00,0x00,0x00,0x00},
        {0x00,0x00,0x00,0x00,0x00,0x00,0x00,0x00},
        {0x00,0x00,0x00,0x00,0x00,0x00,0x00,0x00},
        {0x00,0x00,0x00,0x00,0x00,0x00,0x00,0x00},
        {0x00,0x00,0x00,0x7E,0x8E,0x00,0x00,0x00},
        {0x00,0x00,0x00,0xA8,0xBD,0x00,0x00,0x00},
        {0x00,0x00,0x00,0x00,0x00,0x00,0x00,0x00},
        {0x00,0x00,0x00,0x00,0x00,0x00,0x00,0x00},
        {0x00,0x00,0x00,0x00,0x00,0x00,0x00,0x00},
        {0x00,0x00,0x00,0x00,0x00,0x00,0x00,0x00},
        {0x00,0x00,0x00,0x00,0x00,0x00,0x00,0x00},
    },
    [0x2F] = {  /* / */
        {0x00,0x00,0x00,0x00,0x00,0x00,0x00,0x00},
        {0x00,0x00,0x00,0x00,0x00,0x00,0x00,0x00},
        {0x00,0x00,0x00,0x00,0x00,0x20,0x24,0x00},
        {0x00,0x00,0x00,0x00,0x00,0xC9,0x44,0x00},
        {0x00,0x00,0x00,0x00,0x41,0xCC,0x00,0x00},
        {0x00,0x00,0x00,0x00,0xB8,0x56,0x00,0x00},
        {0x00,0x00,0x00,0x30,0xDB,0x03,0x00,0x00},
        {0x00,0x00,0x00,0xA6,0x67,0x00,0x00,0x00},
        {0x00,0x00,0x22,0xE4,0x08,0x00,0x00,0x00},
        {0x00,0x00,0x95,0x79,0x00,0x00,0x00,0x00},
        {0x00,0x16,0xE8,0x10,0x00,0x00,0x00,0x00},
        {0x00,0x84,0x8B,0x00,0x00,0x00,0x00,0x00},
        {0x00,0x19,0x09,0x00,0x00,0x00,0x00,0x00},
        {0x00,0x00,0x00,0x00,0x00,0x00,0x00,0x00},
        {0x00,0x00,0x00,0x00,0x00,0x00,0x00,0x00},
        {0x00,0x00,0x00,0x00,0x00,0x00,0x00,0x00},
    },
    [0x30] = {  /* 0 */
        {0x00,0x00,0x00,0x00,0x00,0x00,0x00,0x00},
        {0x00,0x00,0x00,0x00,0x00,0x00,0x00,0x00},
        {0x00,0x00,0x06,0x4D,0x52,0x0B,0x00,0x00},
        {0x00,0x04,0xC4,0xAE,0xA2,0xD4,0x0B,0x00},
        {0x00,0x50,0xD3,0x01,0x00,0xBB,0x68,0x00},
        {0x00,0x8A,0x94,0x00,0x00,0x7B,0xA3,0x00},
        {0x00,0xA0,0x80,0x91,0xA9,0x67,0xB8,0x00},
        {0x00,0x9D,0x82,0x3D,0x47,0x69,0xB6,0x00},
        {0x00,0x80,0x9E,0x00,0x00,0x85,0x98,0x00},
        {0x00,0x38,0xE6,0x0D,0x06,0xD4,0x50,0x00},
        {0x00,0x00,0x8A,0xDF,0xDB,0x9F,0x01,0x00},
        {0x00,0x00,0x00,0x10,0x13,0x00,0x00,0x00},
        {0x00,0x00,0x00,0x00,0x00,0x00,0x00,0x00},
        {0x00,0x00,0x00,0x00,0x00,0x00,0x00,0x00},
        {0x00,0x00,0x00,0x00,0x00,0x00,0x00,0x00},
        {0x00,0x00,0x00,0x00,0x00,0x00,0x00,0x00},
    },
    [0x31] = {  /* 1 */
        {0x00,0x00,0x00,0x00,0x00,0x00,0x00,0x00},
        {0x00,0x00,0x00,0x00,0x00,0x00,0x00,0x00},
        {0x00,0x00,0x04,0x2D,0x3F,0x00,0x00,0x00},
        {0x00,0x02,0xDC,0xBF,0xFA,0x00,0x00,0x00},
        {0x00,0x00,0x00,0x21,0xFA,0x00,0x00,0x00},
        {0x00,0x00,0x00,0x21,0xFA,0x00,0x00,0x00},
        {0x00,0x00,0x00,0x21,0xFA,0x00,0x00,0x00},
        {0x00,0x00,0x00,0x21,0xFA,0x00,0x00,0x00},
        {0x00,0x00,0x00,0x21,0xFA,0x00,0x00,0x00},
        {0x00,0x00,0x00,0x21,0xFA,0x00,0x00,0x00},
        {0x00,0x00,0xC3,0xE3,0xFE,0xDF,0x9D,0x00},
        {0x00,0x00,0x00,0x00,0x00,0x00,0x00,0x00},
        {0x00,0x00,0x00,0x00,0x00,0x00,0x00,0x00},
        {0x00,0x00,0x00,0x00,0x00,0x00,0x00,0x00},
        {0x00,0x00,0x00,0x00,0x00,0x00,0x00,0x00},
        {0x00,0x00,0x00,0x00,0x00,0x00,0x00,0x00},
    },
    [0x32] = {  /* 2 */
        {0x00,0x00,0x00,0x00,0x00,0x00,0x00,0x00},
        {0x00,0x00,0x00,0x00,0x00,0x00,0x00,0x00},
        {0x00,0x01,0x33,0x5B,0x4A,0x07,0x00,0x00},
        {0x00,0x72,0xC6,0x87,0xAE,0xD3,0x0F,0x00},
        {0x00,0x0E,0x00,0x00,0x00,0xCB,0x64,0x00},
        {0x00,0x00,0x00,0x00,0x00,0xC9,0x5E,0x00},
        {0x00,0x00,0x00,0x00,0x4B,0xE1,0x0C,0x00},
        {0x00,0x00,0x00,0x2C,0xE2,0x32,0x00,0x00},
        {0x00,0x00,0x20,0xDC,0x43,0x00,0x00,0x00},
        {0x00,0x17,0xD6,0x4F,0x00,0x00,0x00,0x00},
        {0x00,0x86,0xF7,0xDF,0xDF,0xDF,0x72,0x00},
        {0x00,0x00,0x00,0x00,0x00,0x00,0x00,0x00},
        {0x00,0x00,0x00,0x00,0x00,0x00,0x00,0x00},
        {0x00,0x00,0x00,0x00,0x00,0x00,0x00,0x00},
        {0x00,0x00,0x00,0x00,0x00,0x00,0x00,0x00},
        {0x00,0x00,0x00,0x00,0x00,0x00,0x00,0x00},
    },
    [0x33] = {  /* 3 */
        {0x00,0x00,0x00,0x00,0x00,0x00,0x00,0x00},
        {0x00,0x00,0x00,0x00,0x00,0x00,0x00,0x00},
        {0x00,0x05,0x36,0x5A,0x4C,0x09,0x00,0x00},
        {0x00,0x56,0xB3,0x86,0xA6,0xDA,0x13,0x00},
        {0x00,0x00,0x00,0x00,0x00,0xC1,0x62,0x00},
        {0x00,0x00,0x00,0x00,0x13,0xDE,0x43,0x00},
        {0x00,0x00,0x28,0xE0,0xF7,0x85,0x00,0x00},
        {0x00,0x00,0x00,0x01,0x2B,0xDB,0x46,0x00},
        {0x00,0x00,0x00,0x00,0x00,0x85,0x97,0x00},
        {0x00,0x22,0x02,0x00,0x05,0xC0,0x7A,0x00},
        {0x00,0x83,0xE4,0xC3,0xE3,0xB0,0x0C,0x00},
        {0x00,0x00,0x07,0x1D,0x0F,0x00,0x00,0x00},
        {0x00,0x00,0x00,0x00,0x00,0x00,0x00,0x00},
        {0x00,0x00,0x00,0x00,0x00,0x00,0x00,0x00},
        {0x00,0x00,0x00,0x00,0x00,0x00,0x00,0x00},
        {0x00,0x00,0x00,0x00,0x00,0x00,0x00,0x00},
    },
    [0x34] = {  /* 4 */
        {0x00,0x00,0x00,0x00,0x00,0x00,0x00,0x00},
        {0x00,0x00,0x00,0x00,0x00,0x00,0x00,0x00},
        {0x00,0x00,0x00,0x00,0x24,0x35,0x00,0x00},
        {0x00,0x00,0x00,0x0F,0xE1,0xD2,0x00,0x00},
        {0x00,0x00,0x00,0x98,0x8F,0xD2,0x00,0x00},
        {0x00,0x00,0x3E,0xA9,0x4B,0xD2,0x00,0x00},
        {0x00,0x08,0xCD,0x1D,0x4B,0xD2,0x00,0x00},
        {0x00,0x85,0x77,0x00,0x4B,0xD2,0x00,0x00},
        {0x00,0xCE,0xE3,0xDF,0xE9,0xF9,0xCF,0x00},
        {0x00,0x00,0x00,0x00,0x4B,0xD2,0x00,0x00},
        {0x00,0x00,0x00,0x00,0x4B,0xD2,0x00,0x00},
        {0x00,0x00,0x00,0x00,0x00,0x00,0x00,0x00},
        {0x00,0x00,0x00,0x00,0x00,0x00,0x00,0x00},
        {0x00,0x00,0x00,0x00,0x00,0x00,0x00,0x00},
        {0x00,0x00,0x00,0x00,0x00,0x00,0x00,0x00},
        {0x00,0x00,0x00,0x00,0x00,0x00,0x00,0x00},
    },
    [0x35] = {  /* 5 */
        {0x00,0x00,0x00,0x00,0x00,0x00,0x00,0x00},
        {0x00,0x00,0x00,0x00,0x00,0x00,0x00,0x00},
        {0x00,0x0E,0x40,0x40,0x40,0x3E,0x00,0x00},
        {0x00,0x39,0xEC,0x9F,0x9F,0x9C,0x00,0x00},
        {0x00,0x39,0xCB,0x00,0x00,0x00,0x00,0x00},
        {0x00,0x39,0xDE,0x79,0x69,0x13,0x00,0x00},
        {0x00,0x28,0x81,0x64,0xA0,0xE3,0x16,0x00},
        {0x00,0x00,0x00,0x00,0x00,0xB9,0x75,0x00},
        {0x00,0x00,0x00,0x00,0x00,0x96,0x8B,0x00},
        {0x00,0x20,0x02,0x00,0x10,0xDD,0x55,0x00},
        {0x00,0x7E,0xE3,0xC3,0xE8,0x8F,0x01,0x00},
        {0x00,0x00,0x0B,0x1E,0x0A,0x00,0x00,0x00},
        {0x00,0x00,0x00,0x00,0x00,0x00,0x00,0x00},
        {0x00,0x00,0x00,0x00,0x00,0x00,0x00,0x00},
        {0x00,0x00,0x00,0x00,0x00,0x00,0x00,0x00},
        {0x00,0x00,0x00,0x00,0x00,0x00,0x00,0x00},
    },
    [0x36] = {  /* 6 */
        {0x00,0x00,0x00,0x00,0x00,0x00,0x00,0x00},
        {0x00,0x00,0x00,0x00,0x00,0x00,0x00,0x00},
        {0x00,0x00,0x00,0x36,0x5C,0x38,0x01,0x00},
        {0x00,0x00,0x9B,0xCA,0x84,0xB1,0x20,0x00},
        {0x00,0x3E,0xD4,0x06,0x00,0x00,0x00,0x00},
        {0x00,0x85,0x81,0x5A,0x79,0x32,0x00,0x00},
        {0x00,0x9F,0xDE,0x8B,0x72,0xEA,0x42,0x00},
        {0x00,0x9D,0xB9,0x00,0x00,0x7B,0xA6,0x00},
        {0x00,0x83,0x9D,0x00,0x00,0x63,0xB8,0x00},
        {0x00,0x40,0xDA,0x09,0x00,0xA2,0x8B,0x00},
        {0x00,0x00,0x91,0xDF,0xD1,0xCA,0x15,0x00},
        {0x00,0x00,0x00,0x0F,0x18,0x00,0x00,0x00},
        {0x00,0x00,0x00,0x00,0x00,0x00,0x00,0x00},
        {0x00,0x00,0x00,0x00,0x00,0x00,0x00,0x00},
        {0x00,0x00,0x00,0x00,0x00,0x00,0x00,0x00},
        {0x00,0x00,0x00,0x00,0x00,0x00,0x00,0x00},
    },
    [0x37] = {  /* 7 */
        {0x00,0x00,0x00,0x00,0x00,0x00,0x00,0x00},
        {0x00,0x00,0x00,0x00,0x00,0x00,0x00,0x00},
        {0x00,0x27,0x40,0x40,0x40,0x40,0x28,0x00},
        {0x00,0x60,0x9F,0x9F,0x9F,0xE3,0x80,0x00},
        {0x00,0x00,0x00,0x00,0x09,0xEE,0x23,0x00},
        {0x00,0x00,0x00,0x00,0x5D,0xBF,0x00,0x00},
        {0x00,0x00,0x00,0x00,0xC1,0x5E,0x00,0x00},
        {0x00,0x00,0x00,0x27,0xF0,0x0B,0x00,0x00},
        {0x00,0x00,0x00,0x8A,0x9A,0x00,0x00,0x00},
        {0x00,0x00,0x05,0xE9,0x39,0x00,0x00,0x00},
        {0x00,0x00,0x53,0xD7,0x00,0x00,0x00,0x00},
        {0x00,0x00,0x00,0x00,0x00,0x00,0x00,0x00},
        {0x00,0x00,0x00,0x00,0x00,0x00,0x00,0x00},
        {0x00,0x00,0x00,0x00,0x00,0x00,0x00,0x00},
        {0x00,0x00,0x00,0x00,0x00,0x00,0x00,0x00},
        {0x00,0x00,0x00,0x00,0x00,0x00,0x00,0x00},
    },
    [0x38] = {  /* 8 */
        {0x00,0x00,0x00,0x00,0x00,0x00,0x00,0x00},
        {0x00,0x00,0x00,0x00,0x00,0x00,0x00,0x00},
        {0x00,0x00,0x11,0x53,0x56,0x17,0x00,0x00},
        {0x00,0x1E,0xE7,0x9C,0x94,0xEB,0x2E,0x00},
        {0x00,0x6C,0xB8,0x00,0x00,0x9F,0x85,0x00},
        {0x00,0x41,0xD4,0x09,0x04,0xC0,0x58,0x00},
        {0x00,0x00,0x87,0xF1,0xEF,0xA0,0x00,0x00},
        {0x00,0x50,0xD1,0x1B,0x14,0xC1,0x69,0x00},
        {0x00,0x9E,0x81,0x00,0x00,0x68,0xB8,0x00},
        {0x00,0x86,0xB6,0x01,0x00,0x9C,0x9F,0x00},
        {0x00,0x14,0xC3,0xD9,0xD2,0xCF,0x1F,0x00},
        {0x00,0x00,0x00,0x14,0x17,0x00,0x00,0x00},
        {0x00,0x00,0x00,0x00,0x00,0x00,0x00,0x00},
        {0x00,0x00,0x00,0x00,0x00,0x00,0x00,0x00},
        {0x00,0x00,0x00,0x00,0x00,0x00,0x00,0x00},
        {0x00,0x00,0x00,0x00,0x00,0x00,0x00,0x00},
    },
    [0x39] = {  /* 9 */
        {0x00,0x00,0x00,0x00,0x00,0x00,0x00,0x00},
        {0x00,0x00,0x00,0x00,0x00,0x00,0x00,0x00},
        {0x00,0x00,0x14,0x56,0x4F,0x0A,0x00,0x00},
        {0x00,0x25,0xE8,0x96,0xA3,0xD4,0x0B,0x00},
        {0x00,0x8E,0x96,0x00,0x00,0xB4,0x66,0x00},
        {0x00,0xA8,0x73,0x00,0x00,0x8C,0x9D,0x00},
        {0x00,0x86,0xA2,0x00,0x01,0xC2,0xB0,0x00},
        {0x00,0x1A,0xDD,0xB5,0xC0,0xBB,0xAC,0x00},
        {0x00,0x00,0x07,0x38,0x22,0x7F,0x89,0x00},
        {0x00,0x04,0x0A,0x00,0x15,0xDF,0x33,0x00},
        {0x00,0x0D,0xDC,0xC4,0xE4,0x6D,0x00,0x00},
        {0x00,0x00,0x04,0x1C,0x07,0x00,0x00,0x00},
        {0x00,0x00,0x00,0x00,0x00,0x00,0x00,0x00},
        {0x00,0x00,0x00,0x00,0x00,0x00,0x00,0x00},
        {0x00,0x00,0x00,0x00,0x00,0x00,0x00,0x00},
        {0x00,0x00,0x00,0x00,0x00,0x00,0x00,0x00},
    },
    [0x3A] = {  /* : */
        {0x00,0x00,0x00,0x00,0x00,0x00,0x00,0x00},
        {0x00,0x00,0x00,0x00,0x00,0x00,0x00,0x00},
        {0x00,0x00,0x00,0x00,0x00,0x00,0x00,0x00},
        {0x00,0x00,0x00,0x00,0x00,0x00,0x00,0x00},
        {0x00,0x00,0x00,0x00,0x00,0x00,0x00,0x00},
        {0x00,0x00,0x00,0x93,0xA5,0x00,0x00,0x00},
        {0x00,0x00,0x00,0x93,0xA5,0x00,0x00,0x00},
        {0x00,0x00,0x00,0x00,0x00,0x00,0x00,0x00},
        {0x00,0x00,0x00,0x00,0x00,0x00,0x00,0x00},
        {0x00,0x00,0x00,0x7E,0x8E,0x00,0x00,0x00},
        {0x00,0x00,0x00,0xA8,0xBD,0x00,0x00,0x00},
        {0x00,0x00,0x00,0x00,0x00,0x00,0x00,0x00},
        {0x00,0x00,0x00,0x00,0x00,0x00,0x00,0x00},
        {0x00,0x00,0x00,0x00,0x00,0x00,0x00,0x00},
        {0x00,0x00,0x00,0x00,0x00,0x00,0x00,0x00},
        {0x00,0x00,0x00,0x00,0x00,0x00,0x00,0x00},
    },
    [0x3B] = {  /* ; */
        {0x00,0x00,0x00,0x00,0x00,0x00,0x00,0x00},
        {0x00,0x00,0x00,0x00,0x00,0x00,0x00,0x00},
        {0x00,0x00,0x00,0x00,0x00,0x00,0x00,0x00},
        {0x00,0x00,0x00,0x00,0x00,0x00,0x00,0x00},
        {0x00,0x00,0x00,0x00,0x00,0x00,0x00,0x00},
        {0x00,0x00,0x00,0x93,0xA5,0x00,0x00,0x00},
        {0x00,0x00,0x00,0x93,0xA5,0x00,0x00,0x00},
        {0x00,0x00,0x00,0x00,0x00,0x00,0x00,0x00},
        {0x00,0x00,0x00,0x00,0x00,0x00,0x00,0x00},
        {0x00,0x00,0x00,0x71,0x9B,0x00,0x00,0x00},
        {0x00,0x00,0x00,0xA2,0xB7,0x00,0x00,0x00},
        {0x00,0x00,0x00,0xDF,0x3D,0x00,0x00,0x00},
        {0x00,0x00,0x09,0x6C,0x00,0x00,0x00,0x00},
        {0x00,0x00,0x00,0x00,0x00,0x00,0x00,0x00},
        {0x00,0x00,0x00,0x00,0x00,0x00,0x00,0x00},
        {0x00,0x00,0x00,0x00,0x00,0x00,0x00,0x00},
    },
    [0x3C] = {  /* < */
        {0x00,0x00,0x00,0x00,0x00,0x00,0x00,0x00},
        {0x00,0x00,0x00,0x00,0x00,0x00,0x00,0x00},
        {0x00,0x00,0x00,0x00,0x00,0x00,0x00,0x00},
        {0x00,0x00,0x00,0x00,0x00,0x00,0x00,0x00},
        {0x00,0x00,0x00,0x00,0x00,0x00,0x2E,0x00},
        {0x00,0x00,0x00,0x0E,0x67,0xCB,0xCB,0x00},
        {0x00,0x39,0x9F,0xDC,0x8C,0x2D,0x00,0x00},
        {0x00,0xD9,0xCC,0x2E,0x00,0x00,0x00,0x00},
        {0x00,0x0A,0x5F,0xC3,0xCA,0x6D,0x14,0x00},
        {0x00,0x00,0x00,0x00,0x28,0x8B,0xE0,0x00},
        {0x00,0x00,0x00,0x00,0x00,0x00,0x05,0x00},
        {0x00,0x00,0x00,0x00,0x00,0x00,0x00,0x00},
        {0x00,0x00,0x00,0x00,0x00,0x00,0x00,0x00},
        {0x00,0x00,0x00,0x00,0x00,0x00,0x00,0x00},
        {0x00,0x00,0x00,0x00,0x00,0x00,0x00,0x00},
        {0x00,0x00,0x00,0x00,0x00,0x00,0x00,0x00},
    },
    [0x3D] = {  /* = */
        {0x00,0x00,0x00,0x00,0x00,0x00,0x00,0x00},
        {0x00,0x00,0x00,0x00,0x00,0x00,0x00,0x00},
        {0x00,0x00,0x00,0x00,0x00,0x00,0x00,0x00},
        {0x00,0x00,0x00,0x00,0x00,0x00,0x00,0x00},
        {0x00,0x00,0x00,0x00,0x00,0x00,0x00,0x00},
        {0x00,0x00,0x00,0x00,0x00,0x00,0x00,0x00},
        {0x00,0xC6,0xDF,0xDF,0xDF,0xDF,0xDC,0x00},
        {0x00,0x00,0x00,0x00,0x00,0x00,0x00,0x00},
        {0x00,0xC6,0xDF,0xDF,0xDF,0xDF,0xDC,0x00},
        {0x00,0x00,0x00,0x00,0x00,0x00,0x00,0x00},
        {0x00,0x00,0x00,0x00,0x00,0x00,0x00,0x00},
        {0x00,0x00,0x00,0x00,0x00,0x00,0x00,0x00},
        {0x00,0x00,0x00,0x00,0x00,0x00,0x00,0x00},
        {0x00,0x00,0x00,0x00,0x00,0x00,0x00,0x00},
        {0x00,0x00,0x00,0x00,0x00,0x00,0x00,0x00},
        {0x00,0x00,0x00,0x00,0x00,0x00,0x00,0x00},
    },
    [0x3E] = {  /* > */
        {0x00,0x00,0x00,0x00,0x00,0x00,0x00,0x00},
        {0x00,0x00,0x00,0x00,0x00,0x00,0x00,0x00},
        {0x00,0x00,0x00,0x00,0x00,0x00,0x00,0x00},
        {0x00,0x00,0x00,0x00,0x00,0x00,0x00,0x00},
        {0x00,0x2E,0x00,0x00,0x00,0x00,0x00,0x00},
        {0x00,0xB2,0xD3,0x71,0x14,0x00,0x00,0x00},
        {0x00,0x00,0x24,0x83,0xD9,0xA8,0x44,0x00},
        {0x00,0x00,0x00,0x00,0x23,0xBD,0xF2,0x00},
        {0x00,0x0F,0x64,0xC2,0xCB,0x69,0x0F,0x00},
        {0x00,0xCD,0x95,0x31,0x00,0x00,0x00,0x00},
        {0x00,0x05,0x00,0x00,0x00,0x00,0x00,0x00},
        {0x00,0x00,0x00,0x00,0x00,0x00,0x00,0x00},
        {0x00,0x00,0x00,0x00,0x00,0x00,0x00,0x00},
        {0x00,0x00,0x00,0x00,0x00,0x00,0x00,0x00},
        {0x00,0x00,0x00,0x00,0x00,0x00,0x00,0x00},
        {0x00,0x00,0x00,0x00,0x00,0x00,0x00,0x00},
    },
    [0x3F] = {  /* ? */
        {0x00,0x00,0x00,0x00,0x00,0x00,0x00,0x00},
        {0x00,0x00,0x00,0x00,0x00,0x00,0x00,0x00},
        {0x00,0x00,0x0F,0x50,0x58,0x16,0x00,0x00},
        {0x00,0x04,0xD8,0x90,0x9E,0xEC,0x20,0x00},
        {0x00,0x01,0x0B,0x00,0x00,0xC4,0x61,0x00},
        {0x00,0x00,0x00,0x00,0x38,0xE8,0x21,0x00},
        {0x00,0x00,0x00,0x2C,0xE4,0x3C,0x00,0x00},
        {0x00,0x00,0x00,0x95,0x7D,0x00,0x00,0x00},
        {0x00,0x00,0x00,0x79,0x51,0x00,0x00,0x00},
        {0x00,0x00,0x00,0x40,0x2C,0x00,0x00,0x00},
        {0x00,0x00,0x00,0xAB,0x75,0x00,0x00,0x00},
        {0x00,0x00,0x00,0x00,0x00,0x00,0x00,0x00},
        {0x00,0x00,0x00,0x00,0x00,0x00,0x00,0x00},
        {0x00,0x00,0x00,0x00,0x00,0x00,0x00,0x00},
        {0x00,0x00,0x00,0x00,0x00,0x00,0x00,0x00},
        {0x00,0x00,0x00,0x00,0x00,0x00,0x00,0x00},
    },
    [0x40] = {  /* @ */
        {0x00,0x00,0x00,0x00,0x00,0x00,0x00,0x00},
        {0x00,0x00,0x00,0x00,0x00,0x00,0x00,0x00},
        {0x00,0x00,0x00,0x00,0x00,0x00,0x00,0x00},
        {0x00,0x00,0x24,0x94,0xBC,0x9B,0x1D,0x00},
        {0x00,0x2F,0xCB,0x3A,0x05,0x42,0xCB,0x01},
        {0x00,0xBE,0x2A,0x0B,0x6B,0x67,0xB4,0x23},
        {0x14,0xC5,0x00,0xB1,0x75,0x5E,0xF3,0x2B},
        {0x34,0xA0,0x0D,0xD3,0x00,0x00,0xAA,0x2B},
        {0x33,0xA1,0x0A,0xD7,0x00,0x00,0xB1,0x2B},
        {0x10,0xCB,0x00,0x9C,0x94,0x7E,0xF2,0x2B},
        {0x00,0xB0,0x40,0x03,0x4B,0x48,0x29,0x0B},
        {0x00,0x1D,0xCC,0x56,0x0A,0x11,0x0D,0x00},
        {0x00,0x00,0x11,0x7C,0xB5,0xB5,0x34,0x00},
        {0x00,0x00,0x00,0x00,0x00,0x00,0x00,0x00},
        {0x00,0x00,0x00,0x00,0x00,0x00,0x00,0x00},
        {0x00,0x00,0x00,0x00,0x00,0x00,0x00,0x00},
    },
    [0x41] = {  /* A */
        {0x00,0x00,0x00,0x00,0x00,0x00,0x00,0x00},
        {0x00,0x00,0x00,0x00,0x00,0x00,0x00,0x00},
        {0x00,0x00,0x00,0x2B,0x31,0x00,0x00,0x00},
        {0x00,0x00,0x00,0xDC,0xEB,0x06,0x00,0x00},
        {0x00,0x00,0x2B,0xD5,0xBE,0x45,0x00,0x00},
        {0x00,0x00,0x7A,0x8E,0x77,0x93,0x00,0x00},
        {0x00,0x00,0xC8,0x47,0x30,0xE1,0x01,0x00},
        {0x00,0x19,0xF5,0x09,0x01,0xE7,0x31,0x00},
        {0x00,0x66,0xF1,0xDF,0xDF,0xEF,0x7F,0x00},
        {0x00,0xB5,0x6A,0x00,0x00,0x53,0xCE,0x00},
        {0x0C,0xF7,0x22,0x00,0x00,0x0F,0xF9,0x1E},
        {0x00,0x00,0x00,0x00,0x00,0x00,0x00,0x00},
        {0x00,0x00,0x00,0x00,0x00,0x00,0x00,0x00},
        {0x00,0x00,0x00,0x00,0x00,0x00,0x00,0x00},
        {0x00,0x00,0x00,0x00,0x00,0x00,0x00,0x00},
        {0x00,0x00,0x00,0x00,0x00,0x00,0x00,0x00},
    },
    [0x42] = {  /* B */
        {0x00,0x00,0x00,0x00,0x00,0x00,0x00,0x00},
        {0x00,0x00,0x00,0x00,0x00,0x00,0x00,0x00},
        {0x00,0x1D,0x40,0x40,0x37,0x09,0x00,0x00},
        {0x00,0x74,0xE0,0x9F,0xAE,0xE4,0x32,0x00},
        {0x00,0x74,0xAC,0x00,0x00,0x8B,0x9B,0x00},
        {0x00,0x74,0xAC,0x00,0x02,0xAC,0x85,0x00},
        {0x00,0x74,0xF5,0xDF,0xED,0xD0,0x0F,0x00},
        {0x00,0x74,0xAC,0x00,0x0E,0x99,0x9C,0x00},
        {0x00,0x74,0xAC,0x00,0x00,0x36,0xE9,0x00},
        {0x00,0x74,0xAC,0x00,0x00,0x74,0xCE,0x00},
        {0x00,0x74,0xF5,0xDF,0xE3,0xC5,0x31,0x00},
        {0x00,0x00,0x00,0x00,0x00,0x00,0x00,0x00},
        {0x00,0x00,0x00,0x00,0x00,0x00,0x00,0x00},
        {0x00,0x00,0x00,0x00,0x00,0x00,0x00,0x00},
        {0x00,0x00,0x00,0x00,0x00,0x00,0x00,0x00},
        {0x00,0x00,0x00,0x00,0x00,0x00,0x00,0x00},
    },
    [0x43] = {  /* C */
        {0x00,0x00,0x00,0x00,0x00,0x00,0x00,0x00},
        {0x00,0x00,0x00,0x00,0x00,0x00,0x00,0x00},
        {0x00,0x00,0x00,0x25,0x5A,0x43,0x02,0x00},
        {0x00,0x00,0x76,0xDB,0x88,0xA9,0x87,0x00},
        {0x00,0x29,0xF1,0x18,0x00,0x00,0x14,0x00},
        {0x00,0x78,0xB1,0x00,0x00,0x00,0x00,0x00},
        {0x00,0x96,0x94,0x00,0x00,0x00,0x00,0x00},
        {0x00,0x92,0x98,0x00,0x00,0x00,0x00,0x00},
        {0x00,0x6B,0xBF,0x00,0x00,0x00,0x00,0x00},
        {0x00,0x17,0xEF,0x3B,0x00,0x04,0x36,0x00},
        {0x00,0x00,0x45,0xDE,0xC7,0xDD,0x66,0x00},
        {0x00,0x00,0x00,0x02,0x1B,0x0B,0x00,0x00},
        {0x00,0x00,0x00,0x00,0x00,0x00,0x00,0x00},
        {0x00,0x00,0x00,0x00,0x00,0x00,0x00,0x00},
        {0x00,0x00,0x00,0x00,0x00,0x00,0x00,0x00},
        {0x00,0x00,0x00,0x00,0x00,0x00,0x00,0x00},
    },
    [0x44] = {  /* D */
        {0x00,0x00,0x00,0x00,0x00,0x00,0x00,0x00},
        {0x00,0x00,0x00,0x00,0x00,0x00,0x00,0x00},
        {0x00,0x27,0x40,0x3A,0x12,0x00,0x00,0x00},
        {0x00,0x9D,0xD1,0xA8,0xE0,0x8B,0x01,0x00},
        {0x00,0x9D,0x83,0x00,0x0C,0xDA,0x53,0x00},
        {0x00,0x9D,0x83,0x00,0x00,0x88,0xA3,0x00},
        {0x00,0x9D,0x83,0x00,0x00,0x6E,0xC0,0x00},
        {0x00,0x9D,0x83,0x00,0x00,0x70,0xBC,0x00},
        {0x00,0x9D,0x83,0x00,0x00,0x95,0x96,0x00},
        {0x00,0x9D,0x83,0x00,0x32,0xEB,0x35,0x00},
        {0x00,0x9D,0xF0,0xE2,0xCD,0x4F,0x00,0x00},
        {0x00,0x00,0x00,0x00,0x00,0x00,0x00,0x00},
        {0x00,0x00,0x00,0x00,0x00,0x00,0x00,0x00},
        {0x00,0x00,0x00,0x00,0x00,0x00,0x00,0x00},
        {0x00,0x00,0x00,0x00,0x00,0x00,0x00,0x00},
        {0x00,0x00,0x00,0x00,0x00,0x00,0x00,0x00},
    },
    [0x45] = {  /* E */
        {0x00,0x00,0x00,0x00,0x00,0x00,0x00,0x00},
        {0x00,0x00,0x00,0x00,0x00,0x00,0x00,0x00},
        {0x00,0x12,0x40,0x40,0x40,0x40,0x29,0x00},
        {0x00,0x48,0xF0,0x9F,0x9F,0x9F,0x66,0x00},
        {0x00,0x48,0xD7,0x00,0x00,0x00,0x00,0x00},
        {0x00,0x48,0xD7,0x00,0x00,0x00,0x00,0x00},
        {0x00,0x48,0xFA,0xDF,0xDF,0xDF,0x6A,0x00},
        {0x00,0x48,0xD7,0x00,0x00,0x00,0x00,0x00},
        {0x00,0x48,0xD7,0x00,0x00,0x00,0x00,0x00},
        {0x00,0x48,0xD7,0x00,0x00,0x00,0x00,0x00},
        {0x00,0x48,0xFA,0xDF,0xDF,0xDF,0xA6,0x00},
        {0x00,0x00,0x00,0x00,0x00,0x00,0x00,0x00},
        {0x00,0x00,0x00,0x00,0x00,0x00,0x00,0x00},
        {0x00,0x00,0x00,0x00,0x00,0x00,0x00,0x00},
        {0x00,0x00,0x00,0x00,0x00,0x00,0x00,0x00},
        {0x00,0x00,0x00,0x00,0x00,0x00,0x00,0x00},
    },
    [0x46] = {  /* F */
        {0x00,0x00,0x00,0x00,0x00,0x00,0x00,0x00},
        {0x00,0x00,0x00,0x00,0x00,0x00,0x00,0x00},
        {0x00,0x05,0x40,0x40,0x40,0x40,0x33,0x00},
        {0x00,0x15,0xFF,0xA4,0x9F,0x9F,0x80,0x00},
        {0x00,0x15,0xFF,0x0C,0x00,0x00,0x00,0x00},
        {0x00,0x15,0xFF,0x0C,0x00,0x00,0x00,0x00},
        {0x00,0x15,0xFF,0xE1,0xDF,0xDF,0x65,0x00},
        {0x00,0x15,0xFF,0x0C,0x00,0x00,0x00,0x00},
        {0x00,0x15,0xFF,0x0C,0x00,0x00,0x00,0x00},
        {0x00,0x15,0xFF,0x0C,0x00,0x00,0x00,0x00},
        {0x00,0x15,0xFF,0x0C,0x00,0x00,0x00,0x00},
        {0x00,0x00,0x00,0x00,0x00,0x00,0x00,0x00},
        {0x00,0x00,0x00,0x00,0x00,0x00,0x00,0x00},
        {0x00,0x00,0x00,0x00,0x00,0x00,0x00,0x00},
        {0x00,0x00,0x00,0x00,0x00,0x00,0x00,0x00},
        {0x00,0x00,0x00,0x00,0x00,0x00,0x00,0x00},
    },
    [0x47] = {  /* G */
        {0x00,0x00,0x00,0x00,0x00,0x00,0x00,0x00},
        {0x00,0x00,0x00,0x00,0x00,0x00,0x00,0x00},
        {0x00,0x00,0x00,0x36,0x5C,0x38,0x00,0x00},
        {0x00,0x02,0xA6,0xC9,0x84,0xB6,0x6C,0x00},
        {0x00,0x5B,0xD3,0x05,0x00,0x00,0x14,0x00},
        {0x00,0xAC,0x7D,0x00,0x00,0x00,0x00,0x00},
        {0x00,0xCA,0x60,0x00,0x21,0x40,0x30,0x00},
        {0x00,0xC7,0x63,0x00,0x53,0xBD,0xC1,0x00},
        {0x00,0x9F,0x89,0x00,0x00,0x50,0xC1,0x00},
        {0x00,0x3E,0xE5,0x17,0x00,0x52,0xC1,0x00},
        {0x00,0x00,0x6B,0xE3,0xC4,0xE4,0x72,0x00},
        {0x00,0x00,0x00,0x06,0x1D,0x07,0x00,0x00},
        {0x00,0x00,0x00,0x00,0x00,0x00,0x00,0x00},
        {0x00,0x00,0x00,0x00,0x00,0x00,0x00,0x00},
        {0x00,0x00,0x00,0x00,0x00,0x00,0x00,0x00},
        {0x00,0x00,0x00,0x00,0x00,0x00,0x00,0x00},
    },
    [0x48] = {  /* H */
        {0x00,0x00,0x00,0x00,0x00,0x00,0x00,0x00},
        {0x00,0x00,0x00,0x00,0x00,0x00,0x00,0x00},
        {0x00,0x27,0x21,0x00,0x00,0x1B,0x2E,0x00},
        {0x00,0x9D,0x83,0x00,0x00,0x6A,0xB6,0x00},
        {0x00,0x9D,0x83,0x00,0x00,0x6A,0xB6,0x00},
        {0x00,0x9D,0x83,0x00,0x00,0x6A,0xB6,0x00},
        {0x00,0x9D,0xF0,0xDF,0xDF,0xEC,0xB6,0x00},
        {0x00,0x9D,0x83,0x00,0x00,0x6A,0xB6,0x00},
        {0x00,0x9D,0x83,0x00,0x00,0x6A,0xB6,0x00},
        {0x00,0x9D,0x83,0x00,0x00,0x6A,0xB6,0x00},
        {0x00,0x9D,0x83,0x00,0x00,0x6A,0xB6,0x00},
        {0x00,0x00,0x00,0x00,0x00,0x00,0x00,0x00},
        {0x00,0x00,0x00,0x00,0x00,0x00,0x00,0x00},
        {0x00,0x00,0x00,0x00,0x00,0x00,0x00,0x00},
        {0x00,0x00,0x00,0x00,0x00,0x00,0x00,0x00},
        {0x00,0x00,0x00,0x00,0x00,0x00,0x00,0x00},
    },
    [0x49] = {  /* I */
        {0x00,0x00,0x00,0x00,0x00,0x00,0x00,0x00},
        {0x00,0x00,0x00,0x00,0x00,0x00,0x00,0x00},
        {0x00,0x11,0x40,0x40,0x40,0x40,0x16,0x00},
        {0x00,0x29,0x9F,0xD1,0xDA,0x9F,0x37,0x00},
        {0x00,0x00,0x00,0x85,0x9B,0x00,0x00,0x00},
        {0x00,0x00,0x00,0x85,0x9B,0x00,0x00,0x00},
        {0x00,0x00,0x00,0x85,0x9B,0x00,0x00,0x00},
        {0x00,0x00,0x00,0x85,0x9B,0x00,0x00,0x00},
        {0x00,0x00,0x00,0x85,0x9B,0x00,0x00,0x00},
        {0x00,0x00,0x00,0x85,0x9B,0x00,0x00,0x00},
        {0x00,0x3A,0xDF,0xF0,0xF3,0xDF,0x4D,0x00},
        {0x00,0x00,0x00,0x00,0x00,0x00,0x00,0x00},
        {0x00,0x00,0x00,0x00,0x00,0x00,0x00,0x00},
        {0x00,0x00,0x00,0x00,0x00,0x00,0x00,0x00},
        {0x00,0x00,0x00,0x00,0x00,0x00,0x00,0x00},
        {0x00,0x00,0x00,0x00,0x00,0x00,0x00,0x00},
    },
    [0x4A] = {  /* J */
        {0x00,0x00,0x00,0x00,0x00,0x00,0x00,0x00},
        {0x00,0x00,0x00,0x00,0x00,0x00,0x00,0x00},
        {0x00,0x00,0x13,0x40,0x40,0x3C,0x00,0x00},
        {0x00,0x00,0x30,0x9F,0xB1,0xEF,0x00,0x00},
        {0x00,0x00,0x00,0x00,0x30,0xEF,0x00,0x00},
        {0x00,0x00,0x00,0x00,0x30,0xEF,0x00,0x00},
        {0x00,0x00,0x00,0x00,0x30,0xEF,0x00,0x00},
        {0x00,0x00,0x00,0x00,0x30,0xEF,0x00,0x00},
        {0x00,0x00,0x00,0x00,0x33,0xEC,0x00,0x00},
        {0x00,0x53,0x05,0x00,0x61,0xCA,0x00,0x00},
        {0x00,0x88,0xE1,0xC5,0xE8,0x4B,0x00,0x00},
        {0x00,0x00,0x09,0x1D,0x05,0x00,0x00,0x00},
        {0x00,0x00,0x00,0x00,0x00,0x00,0x00,0x00},
        {0x00,0x00,0x00,0x00,0x00,0x00,0x00,0x00},
        {0x00,0x00,0x00,0x00,0x00,0x00,0x00,0x00},
        {0x00,0x00,0x00,0x00,0x00,0x00,0x00,0x00},
    },
    [0x4B] = {  /* K */
        {0x00,0x00,0x00,0x00,0x00,0x00,0x00,0x00},
        {0x00,0x00,0x00,0x00,0x00,0x00,0x00,0x00},
        {0x00,0x27,0x21,0x00,0x00,0x07,0x40,0x0E},
        {0x00,0x9D,0x83,0x00,0x04,0xAE,0x9C,0x01},
        {0x00,0x9D,0x83,0x02,0xA4,0xA6,0x03,0x00},
        {0x00,0x9D,0x84,0x9A,0xAF,0x04,0x00,0x00},
        {0x00,0x9D,0xEA,0xFB,0x60,0x00,0x00,0x00},
        {0x00,0x9D,0xC3,0x42,0xED,0x1C,0x00,0x00},
        {0x00,0x9D,0x83,0x00,0x8F,0xB9,0x01,0x00},
        {0x00,0x9D,0x83,0x00,0x0B,0xDD,0x68,0x00},
        {0x00,0x9D,0x83,0x00,0x00,0x42,0xF2,0x23},
        {0x00,0x00,0x00,0x00,0x00,0x00,0x00,0x00},
        {0x00,0x00,0x00,0x00,0x00,0x00,0x00,0x00},
        {0x00,0x00,0x00,0x00,0x00,0x00,0x00,0x00},
        {0x00,0x00,0x00,0x00,0x00,0x00,0x00,0x00},
        {0x00,0x00,0x00,0x00,0x00,0x00,0x00,0x00},
    },
    [0x4C] = {  /* L */
        {0x00,0x00,0x00,0x00,0x00,0x00,0x00,0x00},
        {0x00,0x00,0x00,0x00,0x00,0x00,0x00,0x00},
        {0x00,0x0C,0x3D,0x00,0x00,0x00,0x00,0x00},
        {0x00,0x2E,0xF2,0x00,0x00,0x00,0x00,0x00},
        {0x00,0x2E,0xF2,0x00,0x00,0x00,0x00,0x00},
        {0x00,0x2E,0xF2,0x00,0x00,0x00,0x00,0x00},
        {0x00,0x2E,0xF2,0x00,0x00,0x00,0x00,0x00},
        {0x00,0x2E,0xF2,0x00,0x00,0x00,0x00,0x00},
        {0x00,0x2E,0xF2,0x00,0x00,0x00,0x00,0x00},
        {0x00,0x2E,0xF2,0x00,0x00,0x00,0x00,0x00},
        {0x00,0x2E,0xFD,0xDF,0xDF,0xDF,0xD5,0x00},
        {0x00,0x00,0x00,0x00,0x00,0x00,0x00,0x00},
        {0x00,0x00,0x00,0x00,0x00,0x00,0x00,0x00},
        {0x00,0x00,0x00,0x00,0x00,0x00,0x00,0x00},
        {0x00,0x00,0x00,0x00,0x00,0x00,0x00,0x00},
        {0x00,0x00,0x00,0x00,0x00,0x00,0x00,0x00},
    },
    [0x4D] = {  /* M */
        {0x00,0x00,0x00,0x00,0x00,0x00,0x00,0x00},
        {0x00,0x00,0x00,0x00,0x00,0x00,0x00,0x00},
        {0x00,0x39,0x29,0x00,0x00,0x24,0x3F,0x00},
        {0x00,0xE5,0xD7,0x00,0x00,0xC4,0xFB,0x00},
        {0x00,0xE5,0xB9,0x35,0x22,0xB9,0xFB,0x00},
        {0x00,0xE5,0x61,0x8D,0x7A,0x62,0xFB,0x00},
        {0x00,0xE5,0x25,0xC7,0xC7,0x17,0xFB,0x00},
        {0x00,0xE5,0x23,0x8E,0xA4,0x0E,0xFB,0x00},
        {0x00,0xE5,0x23,0x00,0x00,0x0E,0xFB,0x00},
        {0x00,0xE5,0x23,0x00,0x00,0x0E,0xFB,0x00},
        {0x00,0xE5,0x23,0x00,0x00,0x0E,0xFB,0x00},
        {0x00,0x00,0x00,0x00,0x00,0x00,0x00,0x00},
        {0x00,0x00,0x00,0x00,0x00,0x00,0x00,0x00},
        {0x00,0x00,0x00,0x00,0x00,0x00,0x00,0x00},
        {0x00,0x00,0x00,0x00,0x00,0x00,0x00,0x00},
        {0x00,0x00,0x00,0x00,0x00,0x00,0x00,0x00},
    },
    [0x4E] = {  /* N */
        {0x00,0x00,0x00,0x00,0x00,0x00,0x00,0x00},
        {0x00,0x00,0x00,0x00,0x00,0x00,0x00,0x00},
        {0x00,0x27,0x37,0x00,0x00,0x18,0x2D,0x00},
        {0x00,0x9A,0xFD,0x22,0x00,0x61,0xB3,0x00},
        {0x00,0x9A,0xDE,0x8A,0x00,0x61,0xB3,0x00},
        {0x00,0x9A,0x86,0xDC,0x08,0x61,0xB3,0x00},
        {0x00,0x9A,0x7B,0x93,0x5D,0x61,0xB3,0x00},
        {0x00,0x9A,0x7B,0x2A,0xC6,0x61,0xB3,0x00},
        {0x00,0x9A,0x7B,0x00,0xC0,0x92,0xB3,0x00},
        {0x00,0x9A,0x7B,0x00,0x57,0xF0,0xB3,0x00},
        {0x00,0x9A,0x7B,0x00,0x05,0xE7,0xB3,0x00},
        {0x00,0x00,0x00,0x00,0x00,0x00,0x00,0x00},
        {0x00,0x00,0x00,0x00,0x00,0x00,0x00,0x00},
        {0x00,0x00,0x00,0x00,0x00,0x00,0x00,0x00},
        {0x00,0x00,0x00,0x00,0x00,0x00,0x00,0x00},
        {0x00,0x00,0x00,0x00,0x00,0x00,0x00,0x00},
    },
    [0x4F] = {  /* O */
        {0x00,0x00,0x00,0x00,0x00,0x00,0x00,0x00},
        {0x00,0x00,0x00,0x00,0x00,0x00,0x00,0x00},
        {0x00,0x00,0x09,0x4F,0x54,0x0E,0x00,0x00},
        {0x00,0x0B,0xD3,0xA6,0x9B,0xDF,0x16,0x00},
        {0x00,0x68,0xC0,0x00,0x00,0xA7,0x81,0x00},
        {0x00,0xA1,0x86,0x00,0x00,0x6C,0xBB,0x00},
        {0x00,0xB6,0x74,0x00,0x00,0x5B,0xD0,0x00},
        {0x00,0xB4,0x77,0x00,0x00,0x5D,0xCD,0x00},
        {0x00,0x98,0x8F,0x00,0x00,0x75,0xB0,0x00},
        {0x00,0x51,0xD8,0x07,0x02,0xC3,0x69,0x00},
        {0x00,0x02,0x9E,0xDD,0xD8,0xB0,0x06,0x00},
        {0x00,0x00,0x00,0x11,0x14,0x00,0x00,0x00},
        {0x00,0x00,0x00,0x00,0x00,0x00,0x00,0x00},
        {0x00,0x00,0x00,0x00,0x00,0x00,0x00,0x00},
        {0x00,0x00,0x00,0x00,0x00,0x00,0x00,0x00},
        {0x00,0x00,0x00,0x00,0x00,0x00,0x00,0x00},
    },
    [0x50] = {  /* P */
        {0x00,0x00,0x00,0x00,0x00,0x00,0x00,0x00},
        {0x00,0x00,0x00,0x00,0x00,0x00,0x00,0x00},
        {0x00,0x12,0x40,0x40,0x3A,0x10,0x00,0x00},
        {0x00,0x48,0xF0,0x9F,0xAC,0xEE,0x55,0x00},
        {0x00,0x48,0xD7,0x00,0x00,0x63,0xDD,0x00},
        {0x00,0x48,0xD7,0x00,0x00,0x3F,0xF0,0x00},
        {0x00,0x48,0xDC,0x20,0x2D,0xB8,0xAE,0x00},
        {0x00,0x48,0xF5,0xBF,0xBA,0x86,0x0F,0x00},
        {0x00,0x48,0xD7,0x00,0x00,0x00,0x00,0x00},
        {0x00,0x48,0xD7,0x00,0x00,0x00,0x00,0x00},
        {0x00,0x48,0xD7,0x00,0x00,0x00,0x00,0x00},
        {0x00,0x00,0x00,0x00,0x00,0x00,0x00,0x00},
        {0x00,0x00,0x00,0x00,0x00,0x00,0x00,0x00},
        {0x00,0x00,0x00,0x00,0x00,0x00,0x00,0x00},
        {0x00,0x00,0x00,0x00,0x00,0x00,0x00,0x00},
        {0x00,0x00,0x00,0x00,0x00,0x00,0x00,0x00},
    },
    [0x51] = {  /* Q */
        {0x00,0x00,0x00,0x00,0x00,0x00,0x00,0x00},
        {0x00,0x00,0x00,0x00,0x00,0x00,0x00,0x00},
        {0x00,0x00,0x09,0x4F,0x54,0x0E,0x00,0x00},
        {0x00,0x0B,0xD3,0xA6,0x9B,0xDF,0x16,0x00},
        {0x00,0x68,0xC0,0x00,0x00,0xA7,0x81,0x00},
        {0x00,0xA1,0x86,0x00,0x00,0x6C,0xBA,0x00},
        {0x00,0xB6,0x74,0x00,0x00,0x5B,0xCF,0x00},
        {0x00,0xB3,0x77,0x00,0x00,0x5D,0xCD,0x00},
        {0x00,0x97,0x8F,0x00,0x00,0x75,0xB2,0x00},
        {0x00,0x50,0xD8,0x07,0x02,0xC3,0x6B,0x00},
        {0x00,0x01,0x9D,0xDD,0xD8,0xBB,0x07,0x00},
        {0x00,0x00,0x00,0x11,0x68,0xD7,0x1A,0x00},
        {0x00,0x00,0x00,0x00,0x00,0x45,0x08,0x00},
        {0x00,0x00,0x00,0x00,0x00,0x00,0x00,0x00},
        {0x00,0x00,0x00,0x00,0x00,0x00,0x00,0x00},
        {0x00,0x00,0x00,0x00,0x00,0x00,0x00,0x00},
    },
    [0x52] = {  /* R */
        {0x00,0x00,0x00,0x00,0x00,0x00,0x00,0x00},
        {0x00,0x00,0x00,0x00,0x00,0x00,0x00,0x00},
        {0x00,0x25,0x40,0x40,0x2E,0x02,0x00,0x00},
        {0x00,0x94,0xD4,0xA0,0xC7,0xD1,0x15,0x00},
        {0x00,0x94,0x8C,0x00,0x01,0xC5,0x77,0x00},
        {0x00,0x94,0x8C,0x00,0x00,0xAF,0x81,0x00},
        {0x00,0x94,0xB7,0x60,0x82,0xDA,0x21,0x00},
        {0x00,0x94,0xC6,0x81,0xC5,0x81,0x00,0x00},
        {0x00,0x94,0x8C,0x00,0x0C,0xE4,0x39,0x00},
        {0x00,0x94,0x8C,0x00,0x00,0x71,0xB9,0x00},
        {0x00,0x94,0x8C,0x00,0x00,0x0C,0xEC,0x39},
        {0x00,0x00,0x00,0x00,0x00,0x00,0x00,0x00},
        {0x00,0x00,0x00,0x00,0x00,0x00,0x00,0x00},
        {0x00,0x00,0x00,0x00,0x00,0x00,0x00,0x00},
        {0x00,0x00,0x00,0x00,0x00,0x00,0x00,0x00},
        {0x00,0x00,0x00,0x00,0x00,0x00,0x00,0x00},
    },
    [0x53] = {  /* S */
        {0x00,0x00,0x00,0x00,0x00,0x00,0x00,0x00},
        {0x00,0x00,0x00,0x00,0x00,0x00,0x00,0x00},
        {0x00,0x00,0x0D,0x50,0x59,0x33,0x02,0x00},
        {0x00,0x20,0xDF,0x9D,0x87,0xC4,0x3F,0x00},
        {0x00,0x88,0x8E,0x00,0x00,0x00,0x04,0x00},
        {0x00,0x8B,0xB0,0x06,0x00,0x00,0x00,0x00},
        {0x00,0x1F,0xD4,0xEE,0xB0,0x54,0x00,0x00},
        {0x00,0x00,0x02,0x33,0x76,0xE9,0x68,0x00},
        {0x00,0x00,0x00,0x00,0x00,0x67,0xB3,0x00},
        {0x00,0x2E,0x0E,0x00,0x00,0x91,0x9A,0x00},
        {0x00,0x5B,0xE5,0xC7,0xD6,0xCA,0x1D,0x00},
        {0x00,0x00,0x02,0x1A,0x14,0x00,0x00,0x00},
        {0x00,0x00,0x00,0x00,0x00,0x00,0x00,0x00},
        {0x00,0x00,0x00,0x00,0x00,0x00,0x00,0x00},
        {0x00,0x00,0x00,0x00,0x00,0x00,0x00,0x00},
        {0x00,0x00,0x00,0x00,0x00,0x00,0x00,0x00},
    },
    [0x54] = {  /* T */
        {0x00,0x00,0x00,0x00,0x00,0x00,0x00,0x00},
        {0x00,0x00,0x00,0x00,0x00,0x00,0x00,0x00},
        {0x07,0x40,0x40,0x40,0x40,0x40,0x40,0x0E},
        {0x12,0x9F,0x9F,0xD0,0xDB,0x9F,0x9F,0x22},
        {0x00,0x00,0x00,0x82,0x9E,0x00,0x00,0x00},
        {0x00,0x00,0x00,0x82,0x9E,0x00,0x00,0x00},
        {0x00,0x00,0x00,0x82,0x9E,0x00,0x00,0x00},
        {0x00,0x00,0x00,0x82,0x9E,0x00,0x00,0x00},
        {0x00,0x00,0x00,0x82,0x9E,0x00,0x00,0x00},
        {0x00,0x00,0x00,0x82,0x9E,0x00,0x00,0x00},
        {0x00,0x00,0x00,0x82,0x9E,0x00,0x00,0x00},
        {0x00,0x00,0x00,0x00,0x00,0x00,0x00,0x00},
        {0x00,0x00,0x00,0x00,0x00,0x00,0x00,0x00},
        {0x00,0x00,0x00,0x00,0x00,0x00,0x00,0x00},
        {0x00,0x00,0x00,0x00,0x00,0x00,0x00,0x00},
        {0x00,0x00,0x00,0x00,0x00,0x00,0x00,0x00},
    },
    [0x55] = {  /* U */
        {0x00,0x00,0x00,0x00,0x00,0x00,0x00,0x00},
        {0x00,0x00,0x00,0x00,0x00,0x00,0x00,0x00},
        {0x00,0x24,0x24,0x00,0x00,0x1E,0x2A,0x00},
        {0x00,0x8F,0x91,0x00,0x00,0x78,0xA6,0x00},
        {0x00,0x8F,0x91,0x00,0x00,0x78,0xA6,0x00},
        {0x00,0x8F,0x91,0x00,0x00,0x78,0xA6,0x00},
        {0x00,0x8F,0x91,0x00,0x00,0x78,0xA6,0x00},
        {0x00,0x8F,0x91,0x00,0x00,0x78,0xA6,0x00},
        {0x00,0x8A,0x92,0x00,0x00,0x79,0xA1,0x00},
        {0x00,0x68,0xB9,0x01,0x00,0xA2,0x80,0x00},
        {0x00,0x0B,0xB5,0xD7,0xD1,0xC4,0x14,0x00},
        {0x00,0x00,0x00,0x13,0x16,0x00,0x00,0x00},
        {0x00,0x00,0x00,0x00,0x00,0x00,0x00,0x00},
        {0x00,0x00,0x00,0x00,0x00,0x00,0x00,0x00},
        {0x00,0x00,0x00,0x00,0x00,0x00,0x00,0x00},
        {0x00,0x00,0x00,0x00,0x00,0x00,0x00,0x00},
    },
    [0x56] = {  /* V */
        {0x00,0x00,0x00,0x00,0x00,0x00,0x00,0x00},
        {0x00,0x00,0x00,0x00,0x00,0x00,0x00,0x00},
        {0x02,0x40,0x09,0x00,0x00,0x02,0x40,0x08},
        {0x00,0xD6,0x4D,0x00,0x00,0x34,0xEC,0x03},
        {0x00,0x8B,0x91,0x00,0x00,0x78,0xA4,0x00},
        {0x00,0x40,0xD5,0x00,0x00,0xBC,0x59,0x00},
        {0x00,0x05,0xEF,0x1A,0x09,0xF3,0x11,0x00},
        {0x00,0x00,0xA9,0x5D,0x45,0xC2,0x00,0x00},
        {0x00,0x00,0x5E,0xA1,0x89,0x77,0x00,0x00},
        {0x00,0x00,0x15,0xE2,0xCD,0x2C,0x00,0x00},
        {0x00,0x00,0x00,0xC7,0xDF,0x00,0x00,0x00},
        {0x00,0x00,0x00,0x00,0x00,0x00,0x00,0x00},
        {0x00,0x00,0x00,0x00,0x00,0x00,0x00,0x00},
        {0x00,0x00,0x00,0x00,0x00,0x00,0x00,0x00},
        {0x00,0x00,0x00,0x00,0x00,0x00,0x00,0x00},
        {0x00,0x00,0x00,0x00,0x00,0x00,0x00,0x00},
    },
    [0x57] = {  /* W */
        {0x00,0x00,0x00,0x00,0x00,0x00,0x00,0x00},
        {0x00,0x00,0x00,0x00,0x00,0x00,0x00,0x00},
        {0x17,0x2F,0x00,0x00,0x00,0x00,0x29,0x1D},
        {0x43,0xCE,0x00,0x00,0x00,0x00,0xB5,0x5C},
        {0x1D,0xEC,0x00,0x00,0x00,0x00,0xD4,0x36},
        {0x01,0xF4,0x0C,0xA6,0xBC,0x00,0xF1,0x10},
        {0x00,0xCF,0x2A,0xCD,0xCE,0x13,0xE8,0x00},
        {0x00,0xA9,0x5C,0xB8,0xA1,0x59,0xC2,0x00},
        {0x00,0x83,0xB0,0x7E,0x66,0xAE,0x9C,0x00},
        {0x00,0x5C,0xF7,0x44,0x2C,0xF6,0x75,0x00},
        {0x00,0x36,0xFC,0x0D,0x02,0xEE,0x4F,0x00},
        {0x00,0x00,0x00,0x00,0x00,0x00,0x00,0x00},
        {0x00,0x00,0x00,0x00,0x00,0x00,0x00,0x00},
        {0x00,0x00,0x00,0x00,0x00,0x00,0x00,0x00},
        {0x00,0x00,0x00,0x00,0x00,0x00,0x00,0x00},
        {0x00,0x00,0x00,0x00,0x00,0x00,0x00,0x00},
    },
    [0x58] = {  /* X */
        {0x00,0x00,0x00,0x00,0x00,0x00,0x00,0x00},
        {0x00,0x00,0x00,0x00,0x00,0x00,0x00,0x00},
        {0x00,0x34,0x18,0x00,0x00,0x06,0x40,0x07},
        {0x00,0x6F,0xBE,0x00,0x00,0x77,0xB5,0x00},
        {0x00,0x03,0xCD,0x55,0x1C,0xE7,0x1E,0x00},
        {0x00,0x00,0x35,0xDE,0xAE,0x6E,0x00,0x00},
        {0x00,0x00,0x00,0xAA,0xDD,0x02,0x00,0x00},
        {0x00,0x00,0x1B,0xE8,0xD9,0x3D,0x00,0x00},
        {0x00,0x00,0xAF,0x7A,0x45,0xD3,0x05,0x00},
        {0x00,0x52,0xD6,0x06,0x00,0xB2,0x74,0x00},
        {0x0F,0xE4,0x3F,0x00,0x00,0x26,0xED,0x1C},
        {0x00,0x00,0x00,0x00,0x00,0x00,0x00,0x00},
        {0x00,0x00,0x00,0x00,0x00,0x00,0x00,0x00},
        {0x00,0x00,0x00,0x00,0x00,0x00,0x00,0x00},
        {0x00,0x00,0x00,0x00,0x00,0x00,0x00,0x00},
        {0x00,0x00,0x00,0x00,0x00,0x00,0x00,0x00},
    },
    [0x59] = {  /* Y */
        {0x00,0x00,0x00,0x00,0x00,0x00,0x00,0x00},
        {0x00,0x00,0x00,0x00,0x00,0x00,0x00,0x00},
        {0x06,0x40,0x06,0x00,0x00,0x01,0x3F,0x0C},
        {0x00,0xBB,0x71,0x00,0x00,0x5A,0xD0,0x03},
        {0x00,0x2B,0xE9,0x11,0x08,0xDF,0x3F,0x00},
        {0x00,0x00,0x91,0x8D,0x75,0xA8,0x00,0x00},
        {0x00,0x00,0x11,0xE4,0xE6,0x1D,0x00,0x00},
        {0x00,0x00,0x00,0x8B,0xA2,0x00,0x00,0x00},
        {0x00,0x00,0x00,0x85,0x9B,0x00,0x00,0x00},
        {0x00,0x00,0x00,0x85,0x9B,0x00,0x00,0x00},
        {0x00,0x00,0x00,0x85,0x9B,0x00,0x00,0x00},
        {0x00,0x00,0x00,0x00,0x00,0x00,0x00,0x00},
        {0x00,0x00,0x00,0x00,0x00,0x00,0x00,0x00},
        {0x00,0x00,0x00,0x00,0x00,0x00,0x00,0x00},
        {0x00,0x00,0x00,0x00,0x00,0x00,0x00,0x00},
        {0x00,0x00,0x00,0x00,0x00,0x00,0x00,0x00},
    },
    [0x5A] = {  /* Z */
        {0x00,0x00,0x00,0x00,0x00,0x00,0x00,0x00},
        {0x00,0x00,0x00,0x00,0x00,0x00,0x00,0x00},
        {0x00,0x19,0x40,0x40,0x40,0x40,0x40,0x00},
        {0x00,0x3E,0x9F,0x9F,0x9F,0xC7,0xF1,0x00},
        {0x00,0x00,0x00,0x00,0x07,0xD5,0x67,0x00},
        {0x00,0x00,0x00,0x00,0x81,0xBC,0x01,0x00},
        {0x00,0x00,0x00,0x2D,0xED,0x20,0x00,0x00},
        {0x00,0x00,0x03,0xC9,0x68,0x00,0x00,0x00},
        {0x00,0x00,0x72,0xBD,0x01,0x00,0x00,0x00},
        {0x00,0x22,0xE8,0x21,0x00,0x00,0x00,0x00},
        {0x00,0x80,0xF6,0xDF,0xDF,0xDF,0xDF,0x1A},
        {0x00,0x00,0x00,0x00,0x00,0x00,0x00,0x00},
        {0x00,0x00,0x00,0x00,0x00,0x00,0x00,0x00},
        {0x00,0x00,0x00,0x00,0x00,0x00,0x00,0x00},
        {0x00,0x00,0x00,0x00,0x00,0x00,0x00,0x00},
        {0x00,0x00,0x00,0x00,0x00,0x00,0x00,0x00},
    },
    [0x5B] = {  /* [ */
        {0x00,0x00,0x00,0x00,0x00,0x00,0x00,0x00},
        {0x00,0x00,0x00,0x00,0x00,0x00,0x00,0x00},
        {0x00,0x00,0x00,0x80,0x9F,0x58,0x00,0x00},
        {0x00,0x00,0x00,0xCD,0x51,0x12,0x00,0x00},
        {0x00,0x00,0x00,0xCD,0x38,0x00,0x00,0x00},
        {0x00,0x00,0x00,0xCD,0x38,0x00,0x00,0x00},
        {0x00,0x00,0x00,0xCD,0x38,0x00,0x00,0x00},
        {0x00,0x00,0x00,0xCD,0x38,0x00,0x00,0x00},
        {0x00,0x00,0x00,0xCD,0x38,0x00,0x00,0x00},
        {0x00,0x00,0x00,0xCD,0x38,0x00,0x00,0x00},
        {0x00,0x00,0x00,0xCD,0x38,0x00,0x00,0x00},
        {0x00,0x00,0x00,0xCD,0x6A,0x23,0x00,0x00},
        {0x00,0x00,0x00,0x67,0x80,0x47,0x00,0x00},
        {0x00,0x00,0x00,0x00,0x00,0x00,0x00,0x00},
        {0x00,0x00,0x00,0x00,0x00,0x00,0x00,0x00},
        {0x00,0x00,0x00,0x00,0x00,0x00,0x00,0x00},
    },
    [0x5C] = {  /* \ */
        {0x00,0x00,0x00,0x00,0x00,0x00,0x00,0x00},
        {0x00,0x00,0x00,0x00,0x00,0x00,0x00,0x00},
        {0x00,0x30,0x14,0x00,0x00,0x00,0x00,0x00},
        {0x00,0x75,0x99,0x00,0x00,0x00,0x00,0x00},
        {0x00,0x0E,0xE8,0x19,0x00,0x00,0x00,0x00},
        {0x00,0x00,0x86,0x88,0x00,0x00,0x00,0x00},
        {0x00,0x00,0x18,0xE8,0x0F,0x00,0x00,0x00},
        {0x00,0x00,0x00,0x98,0x76,0x00,0x00,0x00},
        {0x00,0x00,0x00,0x24,0xE3,0x07,0x00,0x00},
        {0x00,0x00,0x00,0x00,0xA9,0x65,0x00,0x00},
        {0x00,0x00,0x00,0x00,0x32,0xD9,0x02,0x00},
        {0x00,0x00,0x00,0x00,0x00,0xBA,0x53,0x00},
        {0x00,0x00,0x00,0x00,0x00,0x0F,0x13,0x00},
        {0x00,0x00,0x00,0x00,0x00,0x00,0x00,0x00},
        {0x00,0x00,0x00,0x00,0x00,0x00,0x00,0x00},
        {0x00,0x00,0x00,0x00,0x00,0x00,0x00,0x00},
    },
    [0x5D] = {  /* ] */
        {0x00,0x00,0x00,0x00,0x00,0x00,0x00,0x00},
        {0x00,0x00,0x00,0x00,0x00,0x00,0x00,0x00},
        {0x00,0x00,0x49,0x9F,0x90,0x00,0x00,0x00},
        {0x00,0x00,0x0F,0x3B,0xE6,0x00,0x00,0x00},
        {0x00,0x00,0x00,0x1F,0xE6,0x00,0x00,0x00},
        {0x00,0x00,0x00,0x1F,0xE6,0x00,0x00,0x00},
        {0x00,0x00,0x00,0x1F,0xE6,0x00,0x00,0x00},
        {0x00,0x00,0x00,0x1F,0xE6,0x00,0x00,0x00},
        {0x00,0x00,0x00,0x1F,0xE6,0x00,0x00,0x00},
        {0x00,0x00,0x00,0x1F,0xE6,0x00,0x00,0x00},
        {0x00,0x00,0x00,0x1F,0xE6,0x00,0x00,0x00},
        {0x00,0x00,0x1D,0x57,0xE6,0x00,0x00,0x00},
        {0x00,0x00,0x3A,0x80,0x73,0x00,0x00,0x00},
        {0x00,0x00,0x00,0x00,0x00,0x00,0x00,0x00},
        {0x00,0x00,0x00,0x00,0x00,0x00,0x00,0x00},
        {0x00,0x00,0x00,0x00,0x00,0x00,0x00,0x00},
    },
    [0x5E] = {  /* ^ */
        {0x00,0x00,0x00,0x00,0x00,0x00,0x00,0x00},
        {0x00,0x00,0x00,0x00,0x00,0x00,0x00,0x00},
        {0x00,0x00,0x00,0x23,0x29,0x00,0x00,0x00},
        {0x00,0x00,0x21,0xE1,0xE3,0x30,0x00,0x00},
        {0x00,0x0B,0xCC,0x4B,0x39,0xD5,0x15,0x00},
        {0x00,0x8B,0x5D,0x00,0x00,0x48,0x9F,0x01},
        {0x00,0x00,0x00,0x00,0x00,0x00,0x00,0x00},
        {0x00,0x00,0x00,0x00,0x00,0x00,0x00,0x00},
        {0x00,0x00,0x00,0x00,0x00,0x00,0x00,0x00},
        {0x00,0x00,0x00,0x00,0x00,0x00,0x00,0x00},
        {0x00,0x00,0x00,0x00,0x00,0x00,0x00,0x00},
        {0x00,0x00,0x00,0x00,0x00,0x00,0x00,0x00},
        {0x00,0x00,0x00,0x00,0x00,0x00,0x00,0x00},
        {0x00,0x00,0x00,0x00,0x00,0x00,0x00,0x00},
        {0x00,0x00,0x00,0x00,0x00,0x00,0x00,0x00},
        {0x00,0x00,0x00,0x00,0x00,0x00,0x00,0x00},
    },
    [0x5F] = {  /* _ */
        {0x00,0x00,0x00,0x00,0x00,0x00,0x00,0x00},
        {0x00,0x00,0x00,0x00,0x00,0x00,0x00,0x00},
        {0x00,0x00,0x00,0x00,0x00,0x00,0x00,0x00},
        {0x00,0x00,0x00,0x00,0x00,0x00,0x00,0x00},
        {0x00,0x00,0x00,0x00,0x00,0x00,0x00,0x00},
        {0x00,0x00,0x00,0x00,0x00,0x00,0x00,0x00},
        {0x00,0x00,0x00,0x00,0x00,0x00,0x00,0x00},
        {0x00,0x00,0x00,0x00,0x00,0x00,0x00,0x00},
        {0x00,0x00,0x00,0x00,0x00,0x00,0x00,0x00},
        {0x00,0x00,0x00,0x00,0x00,0x00,0x00,0x00},
        {0x00,0x00,0x00,0x00,0x00,0x00,0x00,0x00},
        {0x00,0x00,0x00,0x00,0x00,0x00,0x00,0x00},
        {0x0C,0x20,0x20,0x20,0x20,0x20,0x20,0x0F},
        {0x3C,0x9F,0x9F,0x9F,0x9F,0x9F,0x9F,0x4C},
        {0x00,0x00,0x00,0x00,0x00,0x00,0x00,0x00},
        {0x00,0x00,0x00,0x00,0x00,0x00,0x00,0x00},
    },
    [0x60] = {  /* ` */
        {0x00,0x00,0x00,0x00,0x00,0x00,0x00,0x00},
        {0x00,0x00,0x19,0x0A,0x00,0x00,0x00,0x00},
        {0x00,0x00,0x4E,0xB7,0x02,0x00,0x00,0x00},
        {0x00,0x00,0x00,0x72,0x78,0x00,0x00,0x00},
        {0x00,0x00,0x00,0x00,0x00,0x00,0x00,0x00},
        {0x00,0x00,0x00,0x00,0x00,0x00,0x00,0x00},
        {0x00,0x00,0x00,0x00,0x00,0x00,0x00,0x00},
        {0x00,0x00,0x00,0x00,0x00,0x00,0x00,0x00},
        {0x00,0x00,0x00,0x00,0x00,0x00,0x00,0x00},
        {0x00,0x00,0x00,0x00,0x00,0x00,0x00,0x00},
        {0x00,0x00,0x00,0x00,0x00,0x00,0x00,0x00},
        {0x00,0x00,0x00,0x00,0x00,0x00,0x00,0x00},
        {0x00,0x00,0x00,0x00,0x00,0x00,0x00,0x00},
        {0x00,0x00,0x00,0x00,0x00,0x00,0x00,0x00},
        {0x00,0x00,0x00,0x00,0x00,0x00,0x00,0x00},
        {0x00,0x00,0x00,0x00,0x00,0x00,0x00,0x00},
    },
    [0x61] = {  /* a */
        {0x00,0x00,0x00,0x00,0x00,0x00,0x00,0x00},
        {0x00,0x00,0x00,0x00,0x00,0x00,0x00,0x00},
        {0x00,0x00,0x00,0x00,0x00,0x00,0x00,0x00},
        {0x00,0x00,0x00,0x00,0x00,0x00,0x00,0x00},
        {0x00,0x00,0x21,0x56,0x52,0x10,0x00,0x00},
        {0x00,0x2A,0xCB,0x89,0x96,0xE1,0x1F,0x00},
        {0x00,0x03,0x00,0x00,0x00,0x98,0x72,0x00},
        {0x00,0x0C,0x93,0xC6,0xC0,0xE1,0x81,0x00},
        {0x00,0x82,0x9C,0x03,0x00,0x90,0x82,0x00},
        {0x00,0x98,0x7D,0x00,0x0F,0xDE,0x82,0x00},
        {0x00,0x30,0xE5,0xC7,0xCD,0xB0,0x82,0x00},
        {0x00,0x00,0x05,0x1C,0x03,0x00,0x00,0x00},
        {0x00,0x00,0x00,0x00,0x00,0x00,0x00,0x00},
        {0x00,0x00,0x00,0x00,0x00,0x00,0x00,0x00},
        {0x00,0x00,0x00,0x00,0x00,0x00,0x00,0x00},
        {0x00,0x00,0x00,0x00,0x00,0x00,0x00,0x00},
    },
    [0x62] = {  /* b */
        {0x00,0x00,0x00,0x00,0x00,0x00,0x00,0x00},
        {0x00,0x00,0x00,0x00,0x00,0x00,0x00,0x00},
        {0x00,0x30,0x72,0x00,0x00,0x00,0x00,0x00},
        {0x00,0x4D,0xB7,0x00,0x00,0x00,0x00,0x00},
        {0x00,0x4D,0xB7,0x2A,0x5A,0x1D,0x00,0x00},
        {0x00,0x4D,0xE5,0xB8,0x8E,0xE8,0x2D,0x00},
        {0x00,0x4D,0xE9,0x06,0x00,0x7D,0x9F,0x00},
        {0x00,0x4D,0xBC,0x00,0x00,0x4B,0xC8,0x00},
        {0x00,0x4D,0xC2,0x00,0x00,0x51,0xC2,0x00},
        {0x00,0x4D,0xF5,0x19,0x00,0x9B,0x88,0x00},
        {0x00,0x4D,0xD3,0xCB,0xCD,0xCE,0x13,0x00},
        {0x00,0x00,0x00,0x05,0x1B,0x01,0x00,0x00},
        {0x00,0x00,0x00,0x00,0x00,0x00,0x00,0x00},
        {0x00,0x00,0x00,0x00,0x00,0x00,0x00,0x00},
        {0x00,0x00,0x00,0x00,0x00,0x00,0x00,0x00},
        {0x00,0x00,0x00,0x00,0x00,0x00,0x00,0x00},
    },
    [0x63] = {  /* c */
        {0x00,0x00,0x00,0x00,0x00,0x00,0x00,0x00},
        {0x00,0x00,0x00,0x00,0x00,0x00,0x00,0x00},
        {0x00,0x00,0x00,0x00,0x00,0x00,0x00,0x00},
        {0x00,0x00,0x00,0x00,0x00,0x00,0x00,0x00},
        {0x00,0x00,0x00,0x26,0x5A,0x4C,0x0D,0x00},
        {0x00,0x00,0x73,0xDD,0x88,0x9B,0x7A,0x00},
        {0x00,0x16,0xF4,0x1C,0x00,0x00,0x03,0x00},
        {0x00,0x44,0xCF,0x00,0x00,0x00,0x00,0x00},
        {0x00,0x3E,0xD8,0x00,0x00,0x00,0x00,0x00},
        {0x00,0x0A,0xEB,0x41,0x00,0x00,0x18,0x00},
        {0x00,0x00,0x42,0xDE,0xC8,0xD4,0x64,0x00},
        {0x00,0x00,0x00,0x02,0x1B,0x0B,0x00,0x00},
        {0x00,0x00,0x00,0x00,0x00,0x00,0x00,0x00},
        {0x00,0x00,0x00,0x00,0x00,0x00,0x00,0x00},
        {0x00,0x00,0x00,0x00,0x00,0x00,0x00,0x00},
        {0x00,0x00,0x00,0x00,0x00,0x00,0x00,0x00},
    },
    [0x64] = {  /* d */
        {0x00,0x00,0x00,0x00,0x00,0x00,0x00,0x00},
        {0x00,0x00,0x00,0x00,0x00,0x00,0x00,0x00},
        {0x00,0x00,0x00,0x00,0x00,0x62,0x42,0x00},
        {0x00,0x00,0x00,0x00,0x00,0x9C,0x69,0x00},
        {0x00,0x00,0x15,0x58,0x35,0x9C,0x69,0x00},
        {0x00,0x1C,0xE4,0x95,0xAE,0xE2,0x69,0x00},
        {0x00,0x83,0x98,0x00,0x01,0xD2,0x69,0x00},
        {0x00,0xAC,0x67,0x00,0x00,0xA1,0x69,0x00},
        {0x00,0xA6,0x6D,0x00,0x00,0xA7,0x69,0x00},
        {0x00,0x6C,0xB5,0x01,0x0D,0xE5,0x69,0x00},
        {0x00,0x09,0xBD,0xD4,0xCF,0xC8,0x69,0x00},
        {0x00,0x00,0x00,0x19,0x07,0x00,0x00,0x00},
        {0x00,0x00,0x00,0x00,0x00,0x00,0x00,0x00},
        {0x00,0x00,0x00,0x00,0x00,0x00,0x00,0x00},
        {0x00,0x00,0x00,0x00,0x00,0x00,0x00,0x00},
        {0x00,0x00,0x00,0x00,0x00,0x00,0x00,0x00},
    },
    [0x65] = {  /* e */
        {0x00,0x00,0x00,0x00,0x00,0x00,0x00,0x00},
        {0x00,0x00,0x00,0x00,0x00,0x00,0x00,0x00},
        {0x00,0x00,0x00,0x00,0x00,0x00,0x00,0x00},
        {0x00,0x00,0x00,0x00,0x00,0x00,0x00,0x00},
        {0x00,0x00,0x05,0x47,0x59,0x19,0x00,0x00},
        {0x00,0x0C,0xCB,0xAD,0x8D,0xE1,0x2E,0x00},
        {0x00,0x75,0xAC,0x00,0x00,0x64,0xA4,0x00},
        {0x00,0xAA,0xC9,0x9E,0x9F,0xB6,0xC9,0x00},
        {0x00,0xA4,0x7C,0x20,0x20,0x20,0x1A,0x00},
        {0x00,0x5C,0xC1,0x07,0x00,0x04,0x22,0x00},
        {0x00,0x01,0x8D,0xE1,0xC3,0xE0,0x6A,0x00},
        {0x00,0x00,0x00,0x0A,0x1C,0x04,0x00,0x00},
        {0x00,0x00,0x00,0x00,0x00,0x00,0x00,0x00},
        {0x00,0x00,0x00,0x00,0x00,0x00,0x00,0x00},
        {0x00,0x00,0x00,0x00,0x00,0x00,0x00,0x00},
        {0x00,0x00,0x00,0x00,0x00,0x00,0x00,0x00},
    },
    [0x66] = {  /* f */
        {0x00,0x00,0x00,0x00,0x00,0x00,0x00,0x00},
        {0x00,0x00,0x00,0x00,0x00,0x00,0x00,0x00},
        {0x00,0x00,0x00,0x0C,0x7F,0x9F,0x54,0x00},
        {0x00,0x00,0x00,0x80,0xAC,0x41,0x22,0x00},
        {0x00,0x13,0x40,0xB8,0x8B,0x40,0x22,0x00},
        {0x00,0x25,0x80,0xD0,0xB2,0x80,0x44,0x00},
        {0x00,0x00,0x00,0xA1,0x64,0x00,0x00,0x00},
        {0x00,0x00,0x00,0xA1,0x64,0x00,0x00,0x00},
        {0x00,0x00,0x00,0xA1,0x64,0x00,0x00,0x00},
        {0x00,0x00,0x00,0xA1,0x64,0x00,0x00,0x00},
        {0x00,0x00,0x00,0xA1,0x64,0x00,0x00,0x00},
        {0x00,0x00,0x00,0x00,0x00,0x00,0x00,0x00},
        {0x00,0x00,0x00,0x00,0x00,0x00,0x00,0x00},
        {0x00,0x00,0x00,0x00,0x00,0x00,0x00,0x00},
        {0x00,0x00,0x00,0x00,0x00,0x00,0x00,0x00},
        {0x00,0x00,0x00,0x00,0x00,0x00,0x00,0x00},
    },
    [0x67] = {  /* g */
        {0x00,0x00,0x00,0x00,0x00,0x00,0x00,0x00},
        {0x00,0x00,0x00,0x00,0x00,0x00,0x00,0x00},
        {0x00,0x00,0x00,0x00,0x00,0x00,0x00,0x00},
        {0x00,0x00,0x00,0x00,0x00,0x00,0x00,0x00},
        {0x00,0x00,0x15,0x59,0x35,0x27,0x1A,0x00},
        {0x00,0x1B,0xE4,0x97,0xAB,0xDF,0x69,0x00},
        {0x00,0x83,0x99,0x00,0x00,0xCF,0x69,0x00},
        {0x00,0xAC,0x66,0x00,0x00,0xA0,0x69,0x00},
        {0x00,0xA4,0x71,0x00,0x00,0xA9,0x69,0x00},
        {0x00,0x61,0xC7,0x08,0x17,0xEC,0x69,0x00},
        {0x00,0x03,0x9E,0xE9,0xC6,0xB7,0x68,0x00},
        {0x00,0x00,0x00,0x00,0x00,0xBA,0x4D,0x00},
        {0x00,0x00,0xCB,0x89,0xA4,0xCE,0x07,0x00},
        {0x00,0x00,0x29,0x59,0x4C,0x08,0x00,0x00},
        {0x00,0x00,0x00,0x00,0x00,0x00,0x00,0x00},
        {0x00,0x00,0x00,0x00,0x00,0x00,0x00,0x00},
    },
    [0x68] = {  /* h */
        {0x00,0x00,0x00,0x00,0x00,0x00,0x00,0x00},
        {0x00,0x00,0x00,0x00,0x00,0x00,0x00,0x00},
        {0x00,0x2E,0x74,0x00,0x00,0x00,0x00,0x00},
        {0x00,0x4A,0xBA,0x00,0x00,0x00,0x00,0x00},
        {0x00,0x4A,0xBA,0x20,0x5B,0x28,0x00,0x00},
        {0x00,0x4A,0xDE,0xAC,0x8F,0xF0,0x25,0x00},
        {0x00,0x4A,0xE1,0x03,0x00,0xA4,0x6B,0x00},
        {0x00,0x4A,0xBC,0x00,0x00,0x90,0x76,0x00},
        {0x00,0x4A,0xBA,0x00,0x00,0x90,0x76,0x00},
        {0x00,0x4A,0xBA,0x00,0x00,0x90,0x76,0x00},
        {0x00,0x4A,0xBA,0x00,0x00,0x90,0x76,0x00},
        {0x00,0x00,0x00,0x00,0x00,0x00,0x00,0x00},
        {0x00,0x00,0x00,0x00,0x00,0x00,0x00,0x00},
        {0x00,0x00,0x00,0x00,0x00,0x00,0x00,0x00},
        {0x00,0x00,0x00,0x00,0x00,0x00,0x00,0x00},
        {0x00,0x00,0x00,0x00,0x00,0x00,0x00,0x00},
    },
    [0x69] = {  /* i */
        {0x00,0x00,0x00,0x00,0x00,0x00,0x00,0x00},
        {0x00,0x00,0x00,0x00,0x00,0x00,0x00,0x00},
        {0x00,0x00,0x00,0x3A,0x6A,0x00,0x00,0x00},
        {0x00,0x00,0x00,0x3A,0x6A,0x00,0x00,0x00},
        {0x00,0x00,0x3D,0x40,0x2A,0x00,0x00,0x00},
        {0x00,0x00,0x7A,0xAE,0xA9,0x00,0x00,0x00},
        {0x00,0x00,0x00,0x5C,0xA9,0x00,0x00,0x00},
        {0x00,0x00,0x00,0x5C,0xA9,0x00,0x00,0x00},
        {0x00,0x00,0x00,0x5C,0xA9,0x00,0x00,0x00},
        {0x00,0x00,0x00,0x5C,0xA9,0x00,0x00,0x00},
        {0x00,0x4A,0xBF,0xD6,0xEA,0xBF,0x84,0x00},
        {0x00,0x00,0x00,0x00,0x00,0x00,0x00,0x00},
        {0x00,0x00,0x00,0x00,0x00,0x00,0x00,0x00},
        {0x00,0x00,0x00,0x00,0x00,0x00,0x00,0x00},
        {0x00,0x00,0x00,0x00,0x00,0x00,0x00,0x00},
        {0x00,0x00,0x00,0x00,0x00,0x00,0x00,0x00},
    },
    [0x6A] = {  /* j */
        {0x00,0x00,0x00,0x00,0x00,0x00,0x00,0x00},
        {0x00,0x00,0x00,0x00,0x00,0x00,0x00,0x00},
        {0x00,0x00,0x00,0x07,0x9C,0x00,0x00,0x00},
        {0x00,0x00,0x00,0x07,0x9C,0x00,0x00,0x00},
        {0x00,0x00,0x33,0x40,0x3F,0x00,0x00,0x00},
        {0x00,0x00,0x67,0x85,0xFA,0x00,0x00,0x00},
        {0x00,0x00,0x00,0x0B,0xFA,0x00,0x00,0x00},
        {0x00,0x00,0x00,0x0B,0xFA,0x00,0x00,0x00},
        {0x00,0x00,0x00,0x0B,0xFA,0x00,0x00,0x00},
        {0x00,0x00,0x00,0x0B,0xFA,0x00,0x00,0x00},
        {0x00,0x00,0x00,0x0B,0xFA,0x00,0x00,0x00},
        {0x00,0x00,0x00,0x17,0xF1,0x00,0x00,0x00},
        {0x00,0x2C,0x80,0xB7,0xA2,0x00,0x00,0x00},
        {0x00,0x21,0x60,0x51,0x06,0x00,0x00,0x00},
        {0x00,0x00,0x00,0x00,0x00,0x00,0x00,0x00},
        {0x00,0x00,0x00,0x00,0x00,0x00,0x00,0x00},
    },
    [0x6B] = {  /* k */
        {0x00,0x00,0x00,0x00,0x00,0x00,0x00,0x00},
        {0x00,0x00,0x00,0x00,0x00,0x00,0x00,0x00},
        {0x00,0x0B,0x9E,0x00,0x00,0x00,0x00,0x00},
        {0x00,0x11,0xFD,0x00,0x00,0x00,0x00,0x00},
        {0x00,0x11,0xFD,0x00,0x00,0x1D,0x32,0x00},
        {0x00,0x11,0xFD,0x00,0x2F,0xD8,0x35,0x00},
        {0x00,0x11,0xFD,0x35,0xD7,0x2F,0x00,0x00},
        {0x00,0x11,0xFE,0xE5,0xC1,0x03,0x00,0x00},
        {0x00,0x11,0xFE,0x21,0xB9,0x7B,0x00,0x00},
        {0x00,0x11,0xFD,0x00,0x19,0xE7,0x3A,0x00},
        {0x00,0x11,0xFD,0x00,0x00,0x4F,0xDF,0x10},
        {0x00,0x00,0x00,0x00,0x00,0x00,0x00,0x00},
        {0x00,0x00,0x00,0x00,0x00,0x00,0x00,0x00},
        {0x00,0x00,0x00,0x00,0x00,0x00,0x00,0x00},
        {0x00,0x00,0x00,0x00,0x00,0x00,0x00,0x00},
        {0x00,0x00,0x00,0x00,0x00,0x00,0x00,0x00},
    },
    [0x6C] = {  /* l */
        {0x00,0x00,0x00,0x00,0x00,0x00,0x00,0x00},
        {0x00,0x00,0x00,0x00,0x00,0x00,0x00,0x00},
        {0x00,0x4E,0x9F,0x9F,0x1C,0x00,0x00,0x00},
        {0x00,0x10,0x20,0xDD,0x2C,0x00,0x00,0x00},
        {0x00,0x00,0x00,0xD8,0x2C,0x00,0x00,0x00},
        {0x00,0x00,0x00,0xD8,0x2C,0x00,0x00,0x00},
        {0x00,0x00,0x00,0xD8,0x2C,0x00,0x00,0x00},
        {0x00,0x00,0x00,0xD8,0x2C,0x00,0x00,0x00},
        {0x00,0x00,0x00,0xD8,0x2C,0x00,0x00,0x00},
        {0x00,0x00,0x00,0xC3,0x48,0x00,0x00,0x00},
        {0x00,0x00,0x00,0x45,0xD6,0xC0,0x47,0x00},
        {0x00,0x00,0x00,0x00,0x00,0x00,0x00,0x00},
        {0x00,0x00,0x00,0x00,0x00,0x00,0x00,0x00},
        {0x00,0x00,0x00,0x00,0x00,0x00,0x00,0x00},
        {0x00,0x00,0x00,0x00,0x00,0x00,0x00,0x00},
        {0x00,0x00,0x00,0x00,0x00,0x00,0x00,0x00},
    },
    [0x6D] = {  /* m */
        {0x00,0x00,0x00,0x00,0x00,0x00,0x00,0x00},
        {0x00,0x00,0x00,0x00,0x00,0x00,0x00,0x00},
        {0x00,0x00,0x00,0x00,0x00,0x00,0x00,0x00},
        {0x00,0x00,0x00,0x00,0x00,0x00,0x00,0x00},
        {0x00,0x31,0x2D,0x51,0x0F,0x58,0x17,0x00},
        {0x00,0xC4,0xAC,0xD0,0xCC,0x9F,0xB6,0x00},
        {0x00,0xC4,0x33,0x6E,0x94,0x0A,0xE4,0x00},
        {0x00,0xC4,0x29,0x64,0x8A,0x01,0xED,0x00},
        {0x00,0xC4,0x28,0x64,0x8A,0x01,0xED,0x00},
        {0x00,0xC4,0x28,0x64,0x8A,0x01,0xED,0x00},
        {0x00,0xC4,0x28,0x64,0x8A,0x01,0xED,0x00},
        {0x00,0x00,0x00,0x00,0x00,0x00,0x00,0x00},
        {0x00,0x00,0x00,0x00,0x00,0x00,0x00,0x00},
        {0x00,0x00,0x00,0x00,0x00,0x00,0x00,0x00},
        {0x00,0x00,0x00,0x00,0x00,0x00,0x00,0x00},
        {0x00,0x00,0x00,0x00,0x00,0x00,0x00,0x00},
    },
    [0x6E] = {  /* n */
        {0x00,0x00,0x00,0x00,0x00,0x00,0x00,0x00},
        {0x00,0x00,0x00,0x00,0x00,0x00,0x00,0x00},
        {0x00,0x00,0x00,0x00,0x00,0x00,0x00,0x00},
        {0x00,0x00,0x00,0x00,0x00,0x00,0x00,0x00},
        {0x00,0x13,0x2F,0x20,0x5B,0x28,0x00,0x00},
        {0x00,0x4A,0xDE,0xAC,0x8F,0xF0,0x25,0x00},
        {0x00,0x4A,0xE1,0x03,0x00,0xA4,0x6B,0x00},
        {0x00,0x4A,0xBC,0x00,0x00,0x90,0x76,0x00},
        {0x00,0x4A,0xBA,0x00,0x00,0x90,0x76,0x00},
        {0x00,0x4A,0xBA,0x00,0x00,0x90,0x76,0x00},
        {0x00,0x4A,0xBA,0x00,0x00,0x90,0x76,0x00},
        {0x00,0x00,0x00,0x00,0x00,0x00,0x00,0x00},
        {0x00,0x00,0x00,0x00,0x00,0x00,0x00,0x00},
        {0x00,0x00,0x00,0x00,0x00,0x00,0x00,0x00},
        {0x00,0x00,0x00,0x00,0x00,0x00,0x00,0x00},
        {0x00,0x00,0x00,0x00,0x00,0x00,0x00,0x00},
    },
    [0x6F] = {  /* o */
        {0x00,0x00,0x00,0x00,0x00,0x00,0x00,0x00},
        {0x00,0x00,0x00,0x00,0x00,0x00,0x00,0x00},
        {0x00,0x00,0x00,0x00,0x00,0x00,0x00,0x00},
        {0x00,0x00,0x00,0x00,0x00,0x00,0x00,0x00},
        {0x00,0x00,0x0B,0x51,0x54,0x11,0x00,0x00},
        {0x00,0x10,0xDA,0xA1,0x98,0xE3,0x1D,0x00},
        {0x00,0x6F,0xB0,0x00,0x00,0x98,0x88,0x00},
        {0x00,0x98,0x7D,0x00,0x00,0x64,0xB1,0x00},
        {0x00,0x93,0x83,0x00,0x00,0x6A,0xAC,0x00},
        {0x00,0x5A,0xCC,0x04,0x01,0xB7,0x73,0x00},
        {0x00,0x04,0xA7,0xDC,0xD7,0xB8,0x0A,0x00},
        {0x00,0x00,0x00,0x12,0x15,0x00,0x00,0x00},
        {0x00,0x00,0x00,0x00,0x00,0x00,0x00,0x00},
        {0x00,0x00,0x00,0x00,0x00,0x00,0x00,0x00},
        {0x00,0x00,0x00,0x00,0x00,0x00,0x00,0x00},
        {0x00,0x00,0x00,0x00,0x00,0x00,0x00,0x00},
    },
    [0x70] = {  /* p */
        {0x00,0x00,0x00,0x00,0x00,0x00,0x00,0x00},
        {0x00,0x00,0x00,0x00,0x00,0x00,0x00,0x00},
        {0x00,0x00,0x00,0x00,0x00,0x00,0x00,0x00},
        {0x00,0x00,0x00,0x00,0x00,0x00,0x00,0x00},
        {0x00,0x15,0x2D,0x2B,0x5A,0x1C,0x00,0x00},
        {0x00,0x52,0xE4,0xB7,0x8F,0xE7,0x29,0x00},
        {0x00,0x52,0xE6,0x05,0x00,0x81,0x98,0x00},
        {0x00,0x52,0xB9,0x00,0x00,0x50,0xC1,0x00},
        {0x00,0x52,0xBF,0x00,0x00,0x55,0xBD,0x00},
        {0x00,0x52,0xF3,0x17,0x00,0x9E,0x85,0x00},
        {0x00,0x52,0xD2,0xCD,0xCE,0xCC,0x12,0x00},
        {0x00,0x52,0xB4,0x05,0x1B,0x01,0x00,0x00},
        {0x00,0x52,0xB4,0x00,0x00,0x00,0x00,0x00},
        {0x00,0x1F,0x44,0x00,0x00,0x00,0x00,0x00},
        {0x00,0x00,0x00,0x00,0x00,0x00,0x00,0x00},
        {0x00,0x00,0x00,0x00,0x00,0x00,0x00,0x00},
    },
    [0x71] = {  /* q */
        {0x00,0x00,0x00,0x00,0x00,0x00,0x00,0x00},
        {0x00,0x00,0x00,0x00,0x00,0x00,0x00,0x00},
        {0x00,0x00,0x00,0x00,0x00,0x00,0x00,0x00},
        {0x00,0x00,0x00,0x00,0x00,0x00,0x00,0x00},
        {0x00,0x00,0x10,0x56,0x3A,0x23,0x1F,0x00},
        {0x00,0x11,0xDD,0x9C,0xA6,0xE0,0x7C,0x00},
        {0x00,0x6E,0xAD,0x00,0x00,0xC2,0x7C,0x00},
        {0x00,0x97,0x7D,0x00,0x00,0x90,0x7C,0x00},
        {0x00,0x93,0x82,0x00,0x00,0x95,0x7C,0x00},
        {0x00,0x5B,0xC8,0x03,0x07,0xD9,0x7C,0x00},
        {0x00,0x04,0xB0,0xD9,0xCF,0xC2,0x7C,0x00},
        {0x00,0x00,0x00,0x17,0x09,0x8B,0x7C,0x00},
        {0x00,0x00,0x00,0x00,0x00,0x8B,0x7C,0x00},
        {0x00,0x00,0x00,0x00,0x00,0x34,0x2F,0x00},
        {0x00,0x00,0x00,0x00,0x00,0x00,0x00,0x00},
        {0x00,0x00,0x00,0x00,0x00,0x00,0x00,0x00},
    },
    [0x72] = {  /* r */
        {0x00,0x00,0x00,0x00,0x00,0x00,0x00,0x00},
        {0x00,0x00,0x00,0x00,0x00,0x00,0x00,0x00},
        {0x00,0x00,0x00,0x00,0x00,0x00,0x00,0x00},
        {0x00,0x00,0x00,0x00,0x00,0x00,0x00,0x00},
        {0x00,0x00,0x17,0x2A,0x18,0x59,0x3B,0x00},
        {0x00,0x00,0x5D,0xCA,0xC0,0x85,0xB2,0x0B},
        {0x00,0x00,0x5D,0xE8,0x0B,0x00,0x00,0x00},
        {0x00,0x00,0x5D,0xB0,0x00,0x00,0x00,0x00},
        {0x00,0x00,0x5D,0xA9,0x00,0x00,0x00,0x00},
        {0x00,0x00,0x5D,0xA9,0x00,0x00,0x00,0x00},
        {0x00,0x00,0x5D,0xA9,0x00,0x00,0x00,0x00},
        {0x00,0x00,0x00,0x00,0x00,0x00,0x00,0x00},
        {0x00,0x00,0x00,0x00,0x00,0x00,0x00,0x00},
        {0x00,0x00,0x00,0x00,0x00,0x00,0x00,0x00},
        {0x00,0x00,0x00,0x00,0x00,0x00,0x00,0x00},
        {0x00,0x00,0x00,0x00,0x00,0x00,0x00,0x00},
    },
    [0x73] = {  /* s */
        {0x00,0x00,0x00,0x00,0x00,0x00,0x00,0x00},
        {0x00,0x00,0x00,0x00,0x00,0x00,0x00,0x00},
        {0x00,0x00,0x00,0x00,0x00,0x00,0x00,0x00},
        {0x00,0x00,0x00,0x00,0x00,0x00,0x00,0x00},
        {0x00,0x00,0x0C,0x50,0x5A,0x2C,0x00,0x00},
        {0x00,0x06,0xD8,0xA1,0x87,0xC3,0x08,0x00},
        {0x00,0x26,0xE9,0x02,0x00,0x00,0x00,0x00},
        {0x00,0x03,0xB8,0xD7,0x98,0x46,0x00,0x00},
        {0x00,0x00,0x00,0x20,0x64,0xEE,0x33,0x00},
        {0x00,0x10,0x15,0x00,0x01,0xC7,0x4C,0x00},
        {0x00,0x21,0xD9,0xCA,0xD8,0xB3,0x07,0x00},
        {0x00,0x00,0x00,0x17,0x12,0x00,0x00,0x00},
        {0x00,0x00,0x00,0x00,0x00,0x00,0x00,0x00},
        {0x00,0x00,0x00,0x00,0x00,0x00,0x00,0x00},
        {0x00,0x00,0x00,0x00,0x00,0x00,0x00,0x00},
        {0x00,0x00,0x00,0x00,0x00,0x00,0x00,0x00},
    },
    [0x74] = {  /* t */
        {0x00,0x00,0x00,0x00,0x00,0x00,0x00,0x00},
        {0x00,0x00,0x00,0x00,0x00,0x00,0x00,0x00},
        {0x00,0x00,0x00,0x00,0x00,0x00,0x00,0x00},
        {0x00,0x00,0x00,0xFC,0x09,0x00,0x00,0x00},
        {0x00,0x29,0x40,0xFD,0x47,0x40,0x17,0x00},
        {0x00,0x53,0x80,0xFE,0x84,0x80,0x2E,0x00},
        {0x00,0x00,0x00,0xFC,0x09,0x00,0x00,0x00},
        {0x00,0x00,0x00,0xFC,0x09,0x00,0x00,0x00},
        {0x00,0x00,0x00,0xFC,0x09,0x00,0x00,0x00},
        {0x00,0x00,0x00,0xF0,0x1D,0x00,0x00,0x00},
        {0x00,0x00,0x00,0x7A,0xD6,0xC0,0x44,0x00},
        {0x00,0x00,0x00,0x00,0x00,0x00,0x00,0x00},
        {0x00,0x00,0x00,0x00,0x00,0x00,0x00,0x00},
        {0x00,0x00,0x00,0x00,0x00,0x00,0x00,0x00},
        {0x00,0x00,0x00,0x00,0x00,0x00,0x00,0x00},
        {0x00,0x00,0x00,0x00,0x00,0x00,0x00,0x00},
    },
    [0x75] = {  /* u */
        {0x00,0x00,0x00,0x00,0x00,0x00,0x00,0x00},
        {0x00,0x00,0x00,0x00,0x00,0x00,0x00,0x00},
        {0x00,0x00,0x00,0x00,0x00,0x00,0x00,0x00},
        {0x00,0x00,0x00,0x00,0x00,0x00,0x00,0x00},
        {0x00,0x13,0x2F,0x00,0x00,0x24,0x1E,0x00},
        {0x00,0x4A,0xBA,0x00,0x00,0x90,0x76,0x00},
        {0x00,0x4A,0xBA,0x00,0x00,0x90,0x76,0x00},
        {0x00,0x4A,0xBA,0x00,0x00,0x90,0x76,0x00},
        {0x00,0x4A,0xBB,0x00,0x00,0x95,0x76,0x00},
        {0x00,0x35,0xDE,0x04,0x05,0xD2,0x76,0x00},
        {0x00,0x02,0xC1,0xD9,0xC3,0xB9,0x76,0x00},
        {0x00,0x00,0x01,0x1B,0x05,0x00,0x00,0x00},
        {0x00,0x00,0x00,0x00,0x00,0x00,0x00,0x00},
        {0x00,0x00,0x00,0x00,0x00,0x00,0x00,0x00},
        {0x00,0x00,0x00,0x00,0x00,0x00,0x00,0x00},
        {0x00,0x00,0x00,0x00,0x00,0x00,0x00,0x00},
    },
    [0x76] = {  /* v */
        {0x00,0x00,0x00,0x00,0x00,0x00,0x00,0x00},
        {0x00,0x00,0x00,0x00,0x00,0x00,0x00,0x00},
        {0x00,0x00,0x00,0x00,0x00,0x00,0x00,0x00},
        {0x00,0x00,0x00,0x00,0x00,0x00,0x00,0x00},
        {0x00,0x32,0x12,0x00,0x00,0x0C,0x38,0x00},
        {0x00,0x8E,0x80,0x00,0x00,0x67,0xA7,0x00},
        {0x00,0x33,0xD7,0x00,0x00,0xBF,0x4C,0x00},
        {0x00,0x00,0xD8,0x30,0x1A,0xE9,0x05,0x00},
        {0x00,0x00,0x7E,0x88,0x70,0x97,0x00,0x00},
        {0x00,0x00,0x24,0xDE,0xC8,0x3D,0x00,0x00},
        {0x00,0x00,0x00,0xC9,0xE0,0x01,0x00,0x00},
        {0x00,0x00,0x00,0x00,0x00,0x00,0x00,0x00},
        {0x00,0x00,0x00,0x00,0x00,0x00,0x00,0x00},
        {0x00,0x00,0x00,0x00,0x00,0x00,0x00,0x00},
        {0x00,0x00,0x00,0x00,0x00,0x00,0x00,0x00},
        {0x00,0x00,0x00,0x00,0x00,0x00,0x00,0x00},
    },
    [0x77] = {  /* w */
        {0x00,0x00,0x00,0x00,0x00,0x00,0x00,0x00},
        {0x00,0x00,0x00,0x00,0x00,0x00,0x00,0x00},
        {0x00,0x00,0x00,0x00,0x00,0x00,0x00,0x00},
        {0x00,0x00,0x00,0x00,0x00,0x00,0x00,0x00},
        {0x16,0x2A,0x00,0x00,0x00,0x00,0x24,0x1C},
        {0x33,0xCB,0x00,0x00,0x00,0x00,0xB2,0x4C},
        {0x04,0xEE,0x08,0x2B,0x33,0x00,0xE7,0x12},
        {0x00,0xBC,0x39,0xA1,0xB0,0x20,0xD4,0x00},
        {0x00,0x80,0x71,0xB2,0xA9,0x61,0x99,0x00},
        {0x00,0x45,0xD5,0x7F,0x66,0xD5,0x5E,0x00},
        {0x00,0x0D,0xFC,0x34,0x1C,0xFE,0x22,0x00},
        {0x00,0x00,0x00,0x00,0x00,0x00,0x00,0x00},
        {0x00,0x00,0x00,0x00,0x00,0x00,0x00,0x00},
        {0x00,0x00,0x00,0x00,0x00,0x00,0x00,0x00},
        {0x00,0x00,0x00,0x00,0x00,0x00,0x00,0x00},
        {0x00,0x00,0x00,0x00,0x00,0x00,0x00,0x00},
    },
    [0x78] = {  /* x */
        {0x00,0x00,0x00,0x00,0x00,0x00,0x00,0x00},
        {0x00,0x00,0x00,0x00,0x00,0x00,0x00,0x00},
        {0x00,0x00,0x00,0x00,0x00,0x00,0x00,0x00},
        {0x00,0x00,0x00,0x00,0x00,0x00,0x00,0x00},
        {0x00,0x29,0x1F,0x00,0x00,0x1A,0x2F,0x00},
        {0x00,0x34,0xDA,0x11,0x09,0xD1,0x48,0x00},
        {0x00,0x00,0x6F,0xAC,0x95,0x87,0x00,0x00},
        {0x00,0x00,0x01,0xBC,0xD1,0x04,0x00,0x00},
        {0x00,0x00,0x23,0xDE,0xDB,0x34,0x00,0x00},
        {0x00,0x07,0xCC,0x52,0x3C,0xDA,0x10,0x00},
        {0x00,0x94,0x97,0x00,0x00,0x7F,0xAC,0x01},
        {0x00,0x00,0x00,0x00,0x00,0x00,0x00,0x00},
        {0x00,0x00,0x00,0x00,0x00,0x00,0x00,0x00},
        {0x00,0x00,0x00,0x00,0x00,0x00,0x00,0x00},
        {0x00,0x00,0x00,0x00,0x00,0x00,0x00,0x00},
        {0x00,0x00,0x00,0x00,0x00,0x00,0x00,0x00},
    },
    [0x79] = {  /* y */
        {0x00,0x00,0x00,0x00,0x00,0x00,0x00,0x00},
        {0x00,0x00,0x00,0x00,0x00,0x00,0x00,0x00},
        {0x00,0x00,0x00,0x00,0x00,0x00,0x00,0x00},
        {0x00,0x00,0x00,0x00,0x00,0x00,0x00,0x00},
        {0x00,0x30,0x15,0x00,0x00,0x07,0x3E,0x00},
        {0x00,0x81,0x91,0x00,0x00,0x55,0xBC,0x00},
        {0x00,0x1F,0xE9,0x06,0x00,0xB4,0x5A,0x00},
        {0x00,0x00,0xB8,0x52,0x18,0xEA,0x08,0x00},
        {0x00,0x00,0x54,0xB2,0x72,0x93,0x00,0x00},
        {0x00,0x00,0x06,0xE5,0xDD,0x31,0x00,0x00},
        {0x00,0x00,0x00,0x8C,0xD0,0x00,0x00,0x00},
        {0x00,0x00,0x00,0xA3,0x6F,0x00,0x00,0x00},
        {0x00,0x2D,0x91,0xE5,0x10,0x00,0x00,0x00},
        {0x00,0x22,0x5D,0x1B,0x00,0x00,0x00,0x00},
        {0x00,0x00,0x00,0x00,0x00,0x00,0x00,0x00},
        {0x00,0x00,0x00,0x00,0x00,0x00,0x00,0x00},
    },
    [0x7A] = {  /* z */
        {0x00,0x00,0x00,0x00,0x00,0x00,0x00,0x00},
        {0x00,0x00,0x00,0x00,0x00,0x00,0x00,0x00},
        {0x00,0x00,0x00,0x00,0x00,0x00,0x00,0x00},
        {0x00,0x00,0x00,0x00,0x00,0x00,0x00,0x00},
        {0x00,0x07,0x40,0x40,0x40,0x40,0x1A,0x00},
        {0x00,0x0F,0x80,0x80,0x80,0xEE,0x5E,0x00},
        {0x00,0x00,0x00,0x00,0x76,0xC1,0x05,0x00},
        {0x00,0x00,0x00,0x43,0xE1,0x18,0x00,0x00},
        {0x00,0x00,0x1E,0xE5,0x3A,0x00,0x00,0x00},
        {0x00,0x08,0xCA,0x6B,0x00,0x00,0x00,0x00},
        {0x00,0x3F,0xFA,0xBF,0xBF,0xBF,0x4D,0x00},
        {0x00,0x00,0x00,0x00,0x00,0x00,0x00,0x00},
        {0x00,0x00,0x00,0x00,0x00,0x00,0x00,0x00},
        {0x00,0x00,0x00,0x00,0x00,0x00,0x00,0x00},
        {0x00,0x00,0x00,0x00,0x00,0x00,0x00,0x00},
        {0x00,0x00,0x00,0x00,0x00,0x00,0x00,0x00},
    },
    [0x7B] = {  /* { */
        {0x00,0x00,0x00,0x00,0x00,0x00,0x00,0x00},
        {0x00,0x00,0x00,0x00,0x00,0x00,0x00,0x00},
        {0x00,0x00,0x00,0x04,0x6F,0x9B,0x27,0x00},
        {0x00,0x00,0x00,0x53,0xCD,0x28,0x08,0x00},
        {0x00,0x00,0x00,0x6E,0x9C,0x00,0x00,0x00},
        {0x00,0x00,0x00,0x6E,0x9B,0x00,0x00,0x00},
        {0x00,0x00,0x00,0x8B,0x89,0x00,0x00,0x00},
        {0x00,0x1D,0xC8,0xE5,0x1F,0x00,0x00,0x00},
        {0x00,0x00,0x09,0xAC,0x77,0x00,0x00,0x00},
        {0x00,0x00,0x00,0x6F,0x9A,0x00,0x00,0x00},
        {0x00,0x00,0x00,0x6E,0x9B,0x00,0x00,0x00},
        {0x00,0x00,0x00,0x60,0xB4,0x00,0x00,0x00},
        {0x00,0x00,0x00,0x11,0xAF,0xC4,0x2F,0x00},
        {0x00,0x00,0x00,0x00,0x00,0x00,0x00,0x00},
        {0x00,0x00,0x00,0x00,0x00,0x00,0x00,0x00},
        {0x00,0x00,0x00,0x00,0x00,0x00,0x00,0x00},
    },
    [0x7C] = {  /* | */
        {0x00,0x00,0x00,0x00,0x00,0x00,0x00,0x00},
        {0x00,0x00,0x00,0x00,0x00,0x00,0x00,0x00},
        {0x00,0x00,0x00,0x45,0x54,0x00,0x00,0x00},
        {0x00,0x00,0x00,0x6E,0x86,0x00,0x00,0x00},
        {0x00,0x00,0x00,0x6E,0x86,0x00,0x00,0x00},
        {0x00,0x00,0x00,0x6E,0x86,0x00,0x00,0x00},
        {0x00,0x00,0x00,0x6E,0x86,0x00,0x00,0x00},
        {0x00,0x00,0x00,0x6E,0x86,0x00,0x00,0x00},
        {0x00,0x00,0x00,0x6E,0x86,0x00,0x00,0x00},
        {0x00,0x00,0x00,0x6E,0x86,0x00,0x00,0x00},
        {0x00,0x00,0x00,0x6E,0x86,0x00,0x00,0x00},
        {0x00,0x00,0x00,0x6E,0x86,0x00,0x00,0x00},
        {0x00,0x00,0x00,0x6E,0x86,0x00,0x00,0x00},
        {0x00,0x00,0x00,0x53,0x65,0x00,0x00,0x00},
        {0x00,0x00,0x00,0x00,0x00,0x00,0x00,0x00},
        {0x00,0x00,0x00,0x00,0x00,0x00,0x00,0x00},
    },
    [0x7D] = {  /* } */
        {0x00,0x00,0x00,0x00,0x00,0x00,0x00,0x00},
        {0x00,0x00,0x00,0x00,0x00,0x00,0x00,0x00},
        {0x00,0x18,0x9C,0x76,0x09,0x00,0x00,0x00},
        {0x00,0x05,0x26,0xBB,0x68,0x00,0x00,0x00},
        {0x00,0x00,0x00,0x83,0x82,0x00,0x00,0x00},
        {0x00,0x00,0x00,0x82,0x83,0x00,0x00,0x00},
        {0x00,0x00,0x00,0x71,0xA0,0x00,0x00,0x00},
        {0x00,0x00,0x00,0x12,0xDC,0xCC,0x2F,0x00},
        {0x00,0x00,0x00,0x5E,0xBD,0x0C,0x00,0x00},
        {0x00,0x00,0x00,0x81,0x84,0x00,0x00,0x00},
        {0x00,0x00,0x00,0x82,0x83,0x00,0x00,0x00},
        {0x00,0x00,0x00,0x9C,0x75,0x00,0x00,0x00},
        {0x00,0x1D,0xC2,0xB6,0x1B,0x00,0x00,0x00},
        {0x00,0x00,0x00,0x00,0x00,0x00,0x00,0x00},
        {0x00,0x00,0x00,0x00,0x00,0x00,0x00,0x00},
        {0x00,0x00,0x00,0x00,0x00,0x00,0x00,0x00},
    },
    [0x7E] = {  /* ~ */
        {0x00,0x00,0x00,0x00,0x00,0x00,0x00,0x00},
        {0x00,0x00,0x00,0x00,0x00,0x00,0x00,0x00},
        {0x00,0x00,0x00,0x00,0x00,0x00,0x00,0x00},
        {0x00,0x00,0x00,0x00,0x00,0x00,0x00,0x00},
        {0x00,0x00,0x00,0x00,0x00,0x00,0x00,0x00},
        {0x00,0x00,0x00,0x00,0x00,0x00,0x00,0x00},
        {0x00,0x06,0x37,0x27,0x00,0x00,0x0B,0x00},
        {0x00,0xB9,0xA8,0xBF,0xCF,0xA6,0xCC,0x00},
        {0x00,0x0B,0x00,0x00,0x19,0x3A,0x0A,0x00},
        {0x00,0x00,0x00,0x00,0x00,0x00,0x00,0x00},
        {0x00,0x00,0x00,0x00,0x00,0x00,0x00,0x00},
        {0x00,0x00,0x00,0x00,0x00,0x00,0x00,0x00},
        {0x00,0x00,0x00,0x00,0x00,0x00,0x00,0x00},
        {0x00,0x00,0x00,0x00,0x00,0x00,0x00,0x00},
        {0x00,0x00,0x00,0x00,0x00,0x00,0x00,0x00},
        {0x00,0x00,0x00,0x00,0x00,0x00,0x00,0x00},
    },
};

static const uint8_t font_aa_ru[64][16][8] = {
    [ 0] = {  /* CP866 0x80 */
        {0x00,0x00,0x00,0x00,0x00,0x00,0x00,0x00},
        {0x00,0x00,0x00,0x00,0x00,0x00,0x00,0x00},
        {0x00,0x00,0x00,0x2B,0x31,0x00,0x00,0x00},
        {0x00,0x00,0x00,0xDC,0xEB,0x06,0x00,0x00},
        {0x00,0x00,0x2B,0xD5,0xBE,0x45,0x00,0x00},
        {0x00,0x00,0x7A,0x8E,0x77,0x93,0x00,0x00},
        {0x00,0x00,0xC8,0x47,0x30,0xE1,0x01,0x00},
        {0x00,0x19,0xF5,0x09,0x01,0xE7,0x31,0x00},
        {0x00,0x66,0xF1,0xDF,0xDF,0xEF,0x7F,0x00},
        {0x00,0xB5,0x6A,0x00,0x00,0x53,0xCE,0x00},
        {0x0C,0xF7,0x22,0x00,0x00,0x0F,0xF9,0x1E},
        {0x00,0x00,0x00,0x00,0x00,0x00,0x00,0x00},
        {0x00,0x00,0x00,0x00,0x00,0x00,0x00,0x00},
        {0x00,0x00,0x00,0x00,0x00,0x00,0x00,0x00},
        {0x00,0x00,0x00,0x00,0x00,0x00,0x00,0x00},
        {0x00,0x00,0x00,0x00,0x00,0x00,0x00,0x00},
    },
    [ 1] = {  /* CP866 0x81 */
        {0x00,0x00,0x00,0x00,0x00,0x00,0x00,0x00},
        {0x00,0x00,0x00,0x00,0x00,0x00,0x00,0x00},
        {0x00,0x1D,0x40,0x40,0x40,0x40,0x24,0x00},
        {0x00,0x74,0xE0,0x9F,0x9F,0x9F,0x59,0x00},
        {0x00,0x74,0xAC,0x00,0x00,0x00,0x00,0x00},
        {0x00,0x74,0xAC,0x00,0x00,0x00,0x00,0x00},
        {0x00,0x74,0xF5,0xDF,0xD3,0x9A,0x19,0x00},
        {0x00,0x74,0xAC,0x00,0x0E,0x99,0xB8,0x00},
        {0x00,0x74,0xAC,0x00,0x00,0x36,0xEB,0x00},
        {0x00,0x74,0xAC,0x00,0x00,0x74,0xCE,0x00},
        {0x00,0x74,0xF5,0xDF,0xE3,0xC5,0x30,0x00},
        {0x00,0x00,0x00,0x00,0x00,0x00,0x00,0x00},
        {0x00,0x00,0x00,0x00,0x00,0x00,0x00,0x00},
        {0x00,0x00,0x00,0x00,0x00,0x00,0x00,0x00},
        {0x00,0x00,0x00,0x00,0x00,0x00,0x00,0x00},
        {0x00,0x00,0x00,0x00,0x00,0x00,0x00,0x00},
    },
    [ 2] = {  /* CP866 0x82 */
        {0x00,0x00,0x00,0x00,0x00,0x00,0x00,0x00},
        {0x00,0x00,0x00,0x00,0x00,0x00,0x00,0x00},
        {0x00,0x1D,0x40,0x40,0x37,0x09,0x00,0x00},
        {0x00,0x74,0xE0,0x9F,0xAE,0xE4,0x32,0x00},
        {0x00,0x74,0xAC,0x00,0x00,0x8B,0x9B,0x00},
        {0x00,0x74,0xAC,0x00,0x02,0xAC,0x85,0x00},
        {0x00,0x74,0xF5,0xDF,0xED,0xD0,0x0F,0x00},
        {0x00,0x74,0xAC,0x00,0x0E,0x99,0x9C,0x00},
        {0x00,0x74,0xAC,0x00,0x00,0x36,0xE9,0x00},
        {0x00,0x74,0xAC,0x00,0x00,0x74,0xCE,0x00},
        {0x00,0x74,0xF5,0xDF,0xE3,0xC5,0x31,0x00},
        {0x00,0x00,0x00,0x00,0x00,0x00,0x00,0x00},
        {0x00,0x00,0x00,0x00,0x00,0x00,0x00,0x00},
        {0x00,0x00,0x00,0x00,0x00,0x00,0x00,0x00},
        {0x00,0x00,0x00,0x00,0x00,0x00,0x00,0x00},
        {0x00,0x00,0x00,0x00,0x00,0x00,0x00,0x00},
    },
    [ 3] = {  /* CP866 0x83 */
        {0x00,0x00,0x00,0x00,0x00,0x00,0x00,0x00},
        {0x00,0x00,0x00,0x00,0x00,0x00,0x00,0x00},
        {0x00,0x0C,0x40,0x40,0x40,0x40,0x3D,0x00},
        {0x00,0x2E,0xFA,0x9F,0x9F,0x9F,0x98,0x00},
        {0x00,0x2E,0xF2,0x00,0x00,0x00,0x00,0x00},
        {0x00,0x2E,0xF2,0x00,0x00,0x00,0x00,0x00},
        {0x00,0x2E,0xF2,0x00,0x00,0x00,0x00,0x00},
        {0x00,0x2E,0xF2,0x00,0x00,0x00,0x00,0x00},
        {0x00,0x2E,0xF2,0x00,0x00,0x00,0x00,0x00},
        {0x00,0x2E,0xF2,0x00,0x00,0x00,0x00,0x00},
        {0x00,0x2E,0xF2,0x00,0x00,0x00,0x00,0x00},
        {0x00,0x00,0x00,0x00,0x00,0x00,0x00,0x00},
        {0x00,0x00,0x00,0x00,0x00,0x00,0x00,0x00},
        {0x00,0x00,0x00,0x00,0x00,0x00,0x00,0x00},
        {0x00,0x00,0x00,0x00,0x00,0x00,0x00,0x00},
        {0x00,0x00,0x00,0x00,0x00,0x00,0x00,0x00},
    },
    [ 4] = {  /* CP866 0x84 */
        {0x00,0x00,0x00,0x00,0x00,0x00,0x00,0x00},
        {0x00,0x00,0x00,0x00,0x00,0x00,0x00,0x00},
        {0x00,0x07,0x40,0x40,0x40,0x40,0x28,0x00},
        {0x00,0x1D,0xFF,0xA1,0x9F,0xD0,0x9E,0x00},
        {0x00,0x1D,0xFF,0x04,0x00,0x82,0x9E,0x00},
        {0x00,0x1E,0xFF,0x03,0x00,0x82,0x9E,0x00},
        {0x00,0x24,0xFA,0x00,0x00,0x82,0x9E,0x00},
        {0x00,0x35,0xE9,0x00,0x00,0x82,0x9E,0x00},
        {0x00,0x4F,0xD3,0x00,0x00,0x82,0x9E,0x00},
        {0x00,0x7B,0xB9,0x00,0x00,0x82,0x9E,0x00},
        {0x2B,0xF5,0xF5,0xDF,0xDF,0xEF,0xF3,0x41},
        {0x31,0xC0,0x00,0x00,0x00,0x00,0xA7,0x4A},
        {0x25,0x90,0x00,0x00,0x00,0x00,0x7D,0x38},
        {0x00,0x00,0x00,0x00,0x00,0x00,0x00,0x00},
        {0x00,0x00,0x00,0x00,0x00,0x00,0x00,0x00},
        {0x00,0x00,0x00,0x00,0x00,0x00,0x00,0x00},
    },
    [ 5] = {  /* CP866 0x85 */
        {0x00,0x00,0x00,0x00,0x00,0x00,0x00,0x00},
        {0x00,0x00,0x00,0x00,0x00,0x00,0x00,0x00},
        {0x00,0x12,0x40,0x40,0x40,0x40,0x29,0x00},
        {0x00,0x48,0xF0,0x9F,0x9F,0x9F,0x66,0x00},
        {0x00,0x48,0xD7,0x00,0x00,0x00,0x00,0x00},
        {0x00,0x48,0xD7,0x00,0x00,0x00,0x00,0x00},
        {0x00,0x48,0xFA,0xDF,0xDF,0xDF,0x6A,0x00},
        {0x00,0x48,0xD7,0x00,0x00,0x00,0x00,0x00},
        {0x00,0x48,0xD7,0x00,0x00,0x00,0x00,0x00},
        {0x00,0x48,0xD7,0x00,0x00,0x00,0x00,0x00},
        {0x00,0x48,0xFA,0xDF,0xDF,0xDF,0xA6,0x00},
        {0x00,0x00,0x00,0x00,0x00,0x00,0x00,0x00},
        {0x00,0x00,0x00,0x00,0x00,0x00,0x00,0x00},
        {0x00,0x00,0x00,0x00,0x00,0x00,0x00,0x00},
        {0x00,0x00,0x00,0x00,0x00,0x00,0x00,0x00},
        {0x00,0x00,0x00,0x00,0x00,0x00,0x00,0x00},
    },
    [ 6] = {  /* CP866 0x86 */
        {0x00,0x00,0x00,0x00,0x00,0x00,0x00,0x00},
        {0x00,0x00,0x00,0x00,0x00,0x00,0x00,0x00},
        {0x09,0x3F,0x01,0x1E,0x24,0x00,0x3A,0x0F},
        {0x02,0xD4,0x4F,0x78,0x91,0x37,0xE6,0x08},
        {0x00,0x5C,0xC9,0x78,0x91,0xB1,0x74,0x00},
        {0x00,0x04,0xDD,0xBC,0xBF,0xEC,0x0D,0x00},
        {0x00,0x00,0xC0,0xFF,0xFF,0xD8,0x00,0x00},
        {0x00,0x1A,0xF1,0xE3,0xF2,0xE7,0x31,0x00},
        {0x00,0x6F,0xA7,0x83,0x9D,0x90,0x88,0x00},
        {0x00,0xC7,0x50,0x78,0x91,0x38,0xDF,0x01},
        {0x20,0xF0,0x08,0x78,0x91,0x01,0xDF,0x38},
        {0x00,0x00,0x00,0x00,0x00,0x00,0x00,0x00},
        {0x00,0x00,0x00,0x00,0x00,0x00,0x00,0x00},
        {0x00,0x00,0x00,0x00,0x00,0x00,0x00,0x00},
        {0x00,0x00,0x00,0x00,0x00,0x00,0x00,0x00},
        {0x00,0x00,0x00,0x00,0x00,0x00,0x00,0x00},
    },
    [ 7] = {  /* CP866 0x87 */
        {0x00,0x00,0x00,0x00,0x00,0x00,0x00,0x00},
        {0x00,0x00,0x00,0x00,0x00,0x00,0x00,0x00},
        {0x00,0x05,0x36,0x5A,0x4C,0x09,0x00,0x00},
        {0x00,0x56,0xB3,0x86,0xA6,0xDA,0x13,0x00},
        {0x00,0x00,0x00,0x00,0x00,0xC1,0x62,0x00},
        {0x00,0x00,0x00,0x00,0x13,0xDE,0x43,0x00},
        {0x00,0x00,0x28,0xE0,0xF7,0x85,0x00,0x00},
        {0x00,0x00,0x00,0x01,0x2B,0xDB,0x46,0x00},
        {0x00,0x00,0x00,0x00,0x00,0x85,0x97,0x00},
        {0x00,0x22,0x02,0x00,0x05,0xC0,0x7A,0x00},
        {0x00,0x83,0xE4,0xC3,0xE3,0xB0,0x0C,0x00},
        {0x00,0x00,0x07,0x1D,0x0F,0x00,0x00,0x00},
        {0x00,0x00,0x00,0x00,0x00,0x00,0x00,0x00},
        {0x00,0x00,0x00,0x00,0x00,0x00,0x00,0x00},
        {0x00,0x00,0x00,0x00,0x00,0x00,0x00,0x00},
        {0x00,0x00,0x00,0x00,0x00,0x00,0x00,0x00},
    },
    [ 8] = {  /* CP866 0x88 */
        {0x00,0x00,0x00,0x00,0x00,0x00,0x00,0x00},
        {0x00,0x00,0x00,0x00,0x00,0x00,0x00,0x00},
        {0x00,0x27,0x1F,0x00,0x00,0x31,0x2D,0x00},
        {0x00,0x9A,0x7B,0x00,0x11,0xF6,0xB3,0x00},
        {0x00,0x9A,0x7B,0x00,0x70,0xDE,0xB3,0x00},
        {0x00,0x9A,0x7B,0x01,0xD3,0x7C,0xB3,0x00},
        {0x00,0x9A,0x7B,0x42,0xAC,0x61,0xB3,0x00},
        {0x00,0x9A,0x7B,0xAB,0x43,0x61,0xB3,0x00},
        {0x00,0x9A,0x94,0xD3,0x01,0x61,0xB3,0x00},
        {0x00,0x9A,0xEE,0x6F,0x00,0x61,0xB3,0x00},
        {0x00,0x9A,0xF5,0x11,0x00,0x61,0xB3,0x00},
        {0x00,0x00,0x00,0x00,0x00,0x00,0x00,0x00},
        {0x00,0x00,0x00,0x00,0x00,0x00,0x00,0x00},
        {0x00,0x00,0x00,0x00,0x00,0x00,0x00,0x00},
        {0x00,0x00,0x00,0x00,0x00,0x00,0x00,0x00},
        {0x00,0x00,0x00,0x00,0x00,0x00,0x00,0x00},
    },
    [ 9] = {  /* CP866 0x89 */
        {0x00,0x00,0x63,0x21,0x17,0x6E,0x00,0x00},
        {0x00,0x00,0x2A,0xAD,0xB1,0x37,0x00,0x00},
        {0x00,0x27,0x1F,0x00,0x00,0x31,0x2D,0x00},
        {0x00,0x9A,0x7B,0x00,0x11,0xF6,0xB3,0x00},
        {0x00,0x9A,0x7B,0x00,0x70,0xDE,0xB3,0x00},
        {0x00,0x9A,0x7B,0x01,0xD3,0x7C,0xB3,0x00},
        {0x00,0x9A,0x7B,0x42,0xAC,0x61,0xB3,0x00},
        {0x00,0x9A,0x7B,0xAB,0x43,0x61,0xB3,0x00},
        {0x00,0x9A,0x94,0xD3,0x01,0x61,0xB3,0x00},
        {0x00,0x9A,0xEE,0x6F,0x00,0x61,0xB3,0x00},
        {0x00,0x9A,0xF5,0x11,0x00,0x61,0xB3,0x00},
        {0x00,0x00,0x00,0x00,0x00,0x00,0x00,0x00},
        {0x00,0x00,0x00,0x00,0x00,0x00,0x00,0x00},
        {0x00,0x00,0x00,0x00,0x00,0x00,0x00,0x00},
        {0x00,0x00,0x00,0x00,0x00,0x00,0x00,0x00},
        {0x00,0x00,0x00,0x00,0x00,0x00,0x00,0x00},
    },
    [10] = {  /* CP866 0x8A */
        {0x00,0x00,0x00,0x00,0x00,0x00,0x00,0x00},
        {0x00,0x00,0x00,0x00,0x00,0x00,0x00,0x00},
        {0x00,0x27,0x21,0x00,0x00,0x07,0x40,0x0E},
        {0x00,0x9D,0x83,0x00,0x04,0xAE,0x9C,0x01},
        {0x00,0x9D,0x83,0x02,0xA4,0xA6,0x03,0x00},
        {0x00,0x9D,0x84,0x9A,0xAF,0x04,0x00,0x00},
        {0x00,0x9D,0xEA,0xFB,0x60,0x00,0x00,0x00},
        {0x00,0x9D,0xC3,0x42,0xED,0x1C,0x00,0x00},
        {0x00,0x9D,0x83,0x00,0x8F,0xB9,0x01,0x00},
        {0x00,0x9D,0x83,0x00,0x0B,0xDD,0x68,0x00},
        {0x00,0x9D,0x83,0x00,0x00,0x42,0xF2,0x23},
        {0x00,0x00,0x00,0x00,0x00,0x00,0x00,0x00},
        {0x00,0x00,0x00,0x00,0x00,0x00,0x00,0x00},
        {0x00,0x00,0x00,0x00,0x00,0x00,0x00,0x00},
        {0x00,0x00,0x00,0x00,0x00,0x00,0x00,0x00},
        {0x00,0x00,0x00,0x00,0x00,0x00,0x00,0x00},
    },
    [11] = {  /* CP866 0x8B */
        {0x00,0x00,0x00,0x00,0x00,0x00,0x00,0x00},
        {0x00,0x00,0x00,0x00,0x00,0x00,0x00,0x00},
        {0x00,0x00,0x34,0x40,0x40,0x40,0x2D,0x00},
        {0x00,0x00,0xD1,0xBD,0x9F,0xC8,0xB3,0x00},
        {0x00,0x00,0xD1,0x4F,0x00,0x6D,0xB3,0x00},
        {0x00,0x00,0xD2,0x4E,0x00,0x6D,0xB3,0x00},
        {0x00,0x00,0xD4,0x4B,0x00,0x6D,0xB3,0x00},
        {0x00,0x00,0xDA,0x45,0x00,0x6D,0xB3,0x00},
        {0x00,0x00,0xE7,0x38,0x00,0x6D,0xB3,0x00},
        {0x00,0x2D,0xF8,0x0F,0x00,0x6D,0xB3,0x00},
        {0x50,0xE3,0x67,0x00,0x00,0x6D,0xB3,0x00},
        {0x00,0x00,0x00,0x00,0x00,0x00,0x00,0x00},
        {0x00,0x00,0x00,0x00,0x00,0x00,0x00,0x00},
        {0x00,0x00,0x00,0x00,0x00,0x00,0x00,0x00},
        {0x00,0x00,0x00,0x00,0x00,0x00,0x00,0x00},
        {0x00,0x00,0x00,0x00,0x00,0x00,0x00,0x00},
    },
    [12] = {  /* CP866 0x8C */
        {0x00,0x00,0x00,0x00,0x00,0x00,0x00,0x00},
        {0x00,0x00,0x00,0x00,0x00,0x00,0x00,0x00},
        {0x00,0x39,0x29,0x00,0x00,0x24,0x3F,0x00},
        {0x00,0xE5,0xD7,0x00,0x00,0xC4,0xFB,0x00},
        {0x00,0xE5,0xB9,0x35,0x22,0xB9,0xFB,0x00},
        {0x00,0xE5,0x61,0x8D,0x7A,0x62,0xFB,0x00},
        {0x00,0xE5,0x25,0xC7,0xC7,0x17,0xFB,0x00},
        {0x00,0xE5,0x23,0x8E,0xA4,0x0E,0xFB,0x00},
        {0x00,0xE5,0x23,0x00,0x00,0x0E,0xFB,0x00},
        {0x00,0xE5,0x23,0x00,0x00,0x0E,0xFB,0x00},
        {0x00,0xE5,0x23,0x00,0x00,0x0E,0xFB,0x00},
        {0x00,0x00,0x00,0x00,0x00,0x00,0x00,0x00},
        {0x00,0x00,0x00,0x00,0x00,0x00,0x00,0x00},
        {0x00,0x00,0x00,0x00,0x00,0x00,0x00,0x00},
        {0x00,0x00,0x00,0x00,0x00,0x00,0x00,0x00},
        {0x00,0x00,0x00,0x00,0x00,0x00,0x00,0x00},
    },
    [13] = {  /* CP866 0x8D */
        {0x00,0x00,0x00,0x00,0x00,0x00,0x00,0x00},
        {0x00,0x00,0x00,0x00,0x00,0x00,0x00,0x00},
        {0x00,0x27,0x21,0x00,0x00,0x1B,0x2E,0x00},
        {0x00,0x9D,0x83,0x00,0x00,0x6A,0xB6,0x00},
        {0x00,0x9D,0x83,0x00,0x00,0x6A,0xB6,0x00},
        {0x00,0x9D,0x83,0x00,0x00,0x6A,0xB6,0x00},
        {0x00,0x9D,0xF0,0xDF,0xDF,0xEC,0xB6,0x00},
        {0x00,0x9D,0x83,0x00,0x00,0x6A,0xB6,0x00},
        {0x00,0x9D,0x83,0x00,0x00,0x6A,0xB6,0x00},
        {0x00,0x9D,0x83,0x00,0x00,0x6A,0xB6,0x00},
        {0x00,0x9D,0x83,0x00,0x00,0x6A,0xB6,0x00},
        {0x00,0x00,0x00,0x00,0x00,0x00,0x00,0x00},
        {0x00,0x00,0x00,0x00,0x00,0x00,0x00,0x00},
        {0x00,0x00,0x00,0x00,0x00,0x00,0x00,0x00},
        {0x00,0x00,0x00,0x00,0x00,0x00,0x00,0x00},
        {0x00,0x00,0x00,0x00,0x00,0x00,0x00,0x00},
    },
    [14] = {  /* CP866 0x8E */
        {0x00,0x00,0x00,0x00,0x00,0x00,0x00,0x00},
        {0x00,0x00,0x00,0x00,0x00,0x00,0x00,0x00},
        {0x00,0x00,0x09,0x4F,0x54,0x0E,0x00,0x00},
        {0x00,0x0B,0xD3,0xA6,0x9B,0xDF,0x16,0x00},
        {0x00,0x68,0xC0,0x00,0x00,0xA7,0x81,0x00},
        {0x00,0xA1,0x86,0x00,0x00,0x6C,0xBB,0x00},
        {0x00,0xB6,0x74,0x00,0x00,0x5B,0xD0,0x00},
        {0x00,0xB4,0x77,0x00,0x00,0x5D,0xCD,0x00},
        {0x00,0x98,0x8F,0x00,0x00,0x75,0xB0,0x00},
        {0x00,0x51,0xD8,0x07,0x02,0xC3,0x69,0x00},
        {0x00,0x02,0x9E,0xDD,0xD8,0xB0,0x06,0x00},
        {0x00,0x00,0x00,0x11,0x14,0x00,0x00,0x00},
        {0x00,0x00,0x00,0x00,0x00,0x00,0x00,0x00},
        {0x00,0x00,0x00,0x00,0x00,0x00,0x00,0x00},
        {0x00,0x00,0x00,0x00,0x00,0x00,0x00,0x00},
        {0x00,0x00,0x00,0x00,0x00,0x00,0x00,0x00},
    },
    [15] = {  /* CP866 0x8F */
        {0x00,0x00,0x00,0x00,0x00,0x00,0x00,0x00},
        {0x00,0x00,0x00,0x00,0x00,0x00,0x00,0x00},
        {0x00,0x27,0x40,0x40,0x40,0x40,0x2E,0x00},
        {0x00,0x9D,0xD1,0x9F,0x9F,0xC7,0xB6,0x00},
        {0x00,0x9D,0x83,0x00,0x00,0x6A,0xB6,0x00},
        {0x00,0x9D,0x83,0x00,0x00,0x6A,0xB6,0x00},
        {0x00,0x9D,0x83,0x00,0x00,0x6A,0xB6,0x00},
        {0x00,0x9D,0x83,0x00,0x00,0x6A,0xB6,0x00},
        {0x00,0x9D,0x83,0x00,0x00,0x6A,0xB6,0x00},
        {0x00,0x9D,0x83,0x00,0x00,0x6A,0xB6,0x00},
        {0x00,0x9D,0x83,0x00,0x00,0x6A,0xB6,0x00},
        {0x00,0x00,0x00,0x00,0x00,0x00,0x00,0x00},
        {0x00,0x00,0x00,0x00,0x00,0x00,0x00,0x00},
        {0x00,0x00,0x00,0x00,0x00,0x00,0x00,0x00},
        {0x00,0x00,0x00,0x00,0x00,0x00,0x00,0x00},
        {0x00,0x00,0x00,0x00,0x00,0x00,0x00,0x00},
    },
    [16] = {  /* CP866 0x90 */
        {0x00,0x00,0x00,0x00,0x00,0x00,0x00,0x00},
        {0x00,0x00,0x00,0x00,0x00,0x00,0x00,0x00},
        {0x00,0x12,0x40,0x40,0x3A,0x10,0x00,0x00},
        {0x00,0x48,0xF0,0x9F,0xAC,0xEE,0x55,0x00},
        {0x00,0x48,0xD7,0x00,0x00,0x63,0xDD,0x00},
        {0x00,0x48,0xD7,0x00,0x00,0x3F,0xF0,0x00},
        {0x00,0x48,0xDC,0x20,0x2D,0xB8,0xAE,0x00},
        {0x00,0x48,0xF5,0xBF,0xBA,0x86,0x0F,0x00},
        {0x00,0x48,0xD7,0x00,0x00,0x00,0x00,0x00},
        {0x00,0x48,0xD7,0x00,0x00,0x00,0x00,0x00},
        {0x00,0x48,0xD7,0x00,0x00,0x00,0x00,0x00},
        {0x00,0x00,0x00,0x00,0x00,0x00,0x00,0x00},
        {0x00,0x00,0x00,0x00,0x00,0x00,0x00,0x00},
        {0x00,0x00,0x00,0x00,0x00,0x00,0x00,0x00},
        {0x00,0x00,0x00,0x00,0x00,0x00,0x00,0x00},
        {0x00,0x00,0x00,0x00,0x00,0x00,0x00,0x00},
    },
    [17] = {  /* CP866 0x91 */
        {0x00,0x00,0x00,0x00,0x00,0x00,0x00,0x00},
        {0x00,0x00,0x00,0x00,0x00,0x00,0x00,0x00},
        {0x00,0x00,0x00,0x25,0x5A,0x43,0x02,0x00},
        {0x00,0x00,0x76,0xDB,0x88,0xA9,0x87,0x00},
        {0x00,0x29,0xF1,0x18,0x00,0x00,0x14,0x00},
        {0x00,0x78,0xB1,0x00,0x00,0x00,0x00,0x00},
        {0x00,0x96,0x94,0x00,0x00,0x00,0x00,0x00},
        {0x00,0x92,0x98,0x00,0x00,0x00,0x00,0x00},
        {0x00,0x6B,0xBF,0x00,0x00,0x00,0x00,0x00},
        {0x00,0x17,0xEF,0x3B,0x00,0x04,0x36,0x00},
        {0x00,0x00,0x45,0xDE,0xC7,0xDD,0x66,0x00},
        {0x00,0x00,0x00,0x02,0x1B,0x0B,0x00,0x00},
        {0x00,0x00,0x00,0x00,0x00,0x00,0x00,0x00},
        {0x00,0x00,0x00,0x00,0x00,0x00,0x00,0x00},
        {0x00,0x00,0x00,0x00,0x00,0x00,0x00,0x00},
        {0x00,0x00,0x00,0x00,0x00,0x00,0x00,0x00},
    },
    [18] = {  /* CP866 0x92 */
        {0x00,0x00,0x00,0x00,0x00,0x00,0x00,0x00},
        {0x00,0x00,0x00,0x00,0x00,0x00,0x00,0x00},
        {0x07,0x40,0x40,0x40,0x40,0x40,0x40,0x0E},
        {0x12,0x9F,0x9F,0xD0,0xDB,0x9F,0x9F,0x22},
        {0x00,0x00,0x00,0x82,0x9E,0x00,0x00,0x00},
        {0x00,0x00,0x00,0x82,0x9E,0x00,0x00,0x00},
        {0x00,0x00,0x00,0x82,0x9E,0x00,0x00,0x00},
        {0x00,0x00,0x00,0x82,0x9E,0x00,0x00,0x00},
        {0x00,0x00,0x00,0x82,0x9E,0x00,0x00,0x00},
        {0x00,0x00,0x00,0x82,0x9E,0x00,0x00,0x00},
        {0x00,0x00,0x00,0x82,0x9E,0x00,0x00,0x00},
        {0x00,0x00,0x00,0x00,0x00,0x00,0x00,0x00},
        {0x00,0x00,0x00,0x00,0x00,0x00,0x00,0x00},
        {0x00,0x00,0x00,0x00,0x00,0x00,0x00,0x00},
        {0x00,0x00,0x00,0x00,0x00,0x00,0x00,0x00},
        {0x00,0x00,0x00,0x00,0x00,0x00,0x00,0x00},
    },
    [19] = {  /* CP866 0x93 */
        {0x00,0x00,0x00,0x00,0x00,0x00,0x00,0x00},
        {0x00,0x00,0x00,0x00,0x00,0x00,0x00,0x00},
        {0x00,0x30,0x1D,0x00,0x00,0x0D,0x3E,0x00},
        {0x00,0x7F,0xB0,0x00,0x00,0x6E,0xBB,0x00},
        {0x00,0x1D,0xF7,0x15,0x00,0xCD,0x57,0x00},
        {0x00,0x00,0xB3,0x70,0x2D,0xEB,0x07,0x00},
        {0x00,0x00,0x4D,0xCF,0x8B,0x8D,0x00,0x00},
        {0x00,0x00,0x03,0xE3,0xF2,0x29,0x00,0x00},
        {0x00,0x00,0x00,0x8C,0xC3,0x00,0x00,0x00},
        {0x00,0x00,0x11,0xD5,0x51,0x00,0x00,0x00},
        {0x00,0x4F,0xDC,0x88,0x00,0x00,0x00,0x00},
        {0x00,0x00,0x00,0x00,0x00,0x00,0x00,0x00},
        {0x00,0x00,0x00,0x00,0x00,0x00,0x00,0x00},
        {0x00,0x00,0x00,0x00,0x00,0x00,0x00,0x00},
        {0x00,0x00,0x00,0x00,0x00,0x00,0x00,0x00},
        {0x00,0x00,0x00,0x00,0x00,0x00,0x00,0x00},
    },
    [20] = {  /* CP866 0x94 */
        {0x00,0x00,0x00,0x00,0x00,0x00,0x00,0x00},
        {0x00,0x00,0x00,0x00,0x00,0x00,0x00,0x00},
        {0x00,0x00,0x00,0x21,0x27,0x00,0x00,0x00},
        {0x00,0x06,0x6D,0xCE,0xD9,0x76,0x0C,0x00},
        {0x00,0x8A,0xBF,0xA9,0xBA,0xAF,0xA3,0x00},
        {0x00,0xE2,0x44,0x83,0x9D,0x2A,0xF6,0x04},
        {0x01,0xFE,0x2C,0x83,0x9D,0x13,0xFF,0x18},
        {0x00,0xF4,0x33,0x83,0x9D,0x1A,0xFF,0x0F},
        {0x00,0xB9,0x6B,0x83,0x9D,0x51,0xD8,0x00},
        {0x00,0x31,0xE1,0xE7,0xEB,0xE9,0x4E,0x00},
        {0x00,0x00,0x03,0x90,0xA8,0x06,0x00,0x00},
        {0x00,0x00,0x00,0x00,0x00,0x00,0x00,0x00},
        {0x00,0x00,0x00,0x00,0x00,0x00,0x00,0x00},
        {0x00,0x00,0x00,0x00,0x00,0x00,0x00,0x00},
        {0x00,0x00,0x00,0x00,0x00,0x00,0x00,0x00},
        {0x00,0x00,0x00,0x00,0x00,0x00,0x00,0x00},
    },
    [21] = {  /* CP866 0x95 */
        {0x00,0x00,0x00,0x00,0x00,0x00,0x00,0x00},
        {0x00,0x00,0x00,0x00,0x00,0x00,0x00,0x00},
        {0x00,0x34,0x18,0x00,0x00,0x06,0x40,0x07},
        {0x00,0x6F,0xBE,0x00,0x00,0x77,0xB5,0x00},
        {0x00,0x03,0xCD,0x55,0x1C,0xE7,0x1E,0x00},
        {0x00,0x00,0x35,0xDE,0xAE,0x6E,0x00,0x00},
        {0x00,0x00,0x00,0xAA,0xDD,0x02,0x00,0x00},
        {0x00,0x00,0x1B,0xE8,0xD9,0x3D,0x00,0x00},
        {0x00,0x00,0xAF,0x7A,0x45,0xD3,0x05,0x00},
        {0x00,0x52,0xD6,0x06,0x00,0xB2,0x74,0x00},
        {0x0F,0xE4,0x3F,0x00,0x00,0x26,0xED,0x1C},
        {0x00,0x00,0x00,0x00,0x00,0x00,0x00,0x00},
        {0x00,0x00,0x00,0x00,0x00,0x00,0x00,0x00},
        {0x00,0x00,0x00,0x00,0x00,0x00,0x00,0x00},
        {0x00,0x00,0x00,0x00,0x00,0x00,0x00,0x00},
        {0x00,0x00,0x00,0x00,0x00,0x00,0x00,0x00},
    },
    [22] = {  /* CP866 0x96 */
        {0x00,0x00,0x00,0x00,0x00,0x00,0x00,0x00},
        {0x00,0x00,0x00,0x00,0x00,0x00,0x00,0x00},
        {0x00,0x3B,0x0D,0x00,0x00,0x2F,0x19,0x00},
        {0x00,0xED,0x32,0x00,0x00,0xBB,0x65,0x00},
        {0x00,0xED,0x32,0x00,0x00,0xBB,0x65,0x00},
        {0x00,0xED,0x32,0x00,0x00,0xBB,0x65,0x00},
        {0x00,0xED,0x32,0x00,0x00,0xBB,0x65,0x00},
        {0x00,0xED,0x32,0x00,0x00,0xBB,0x65,0x00},
        {0x00,0xED,0x32,0x00,0x00,0xBB,0x65,0x00},
        {0x00,0xED,0x32,0x00,0x00,0xBB,0x65,0x00},
        {0x00,0xED,0xE5,0xDF,0xDF,0xF7,0xEC,0x20},
        {0x00,0x00,0x00,0x00,0x00,0x00,0xCD,0x24},
        {0x00,0x00,0x00,0x00,0x00,0x00,0x9A,0x1B},
        {0x00,0x00,0x00,0x00,0x00,0x00,0x00,0x00},
        {0x00,0x00,0x00,0x00,0x00,0x00,0x00,0x00},
        {0x00,0x00,0x00,0x00,0x00,0x00,0x00,0x00},
    },
    [23] = {  /* CP866 0x97 */
        {0x00,0x00,0x00,0x00,0x00,0x00,0x00,0x00},
        {0x00,0x00,0x00,0x00,0x00,0x00,0x00,0x00},
        {0x00,0x27,0x21,0x00,0x00,0x1C,0x2C,0x00},
        {0x00,0x9D,0x83,0x00,0x00,0x70,0xB0,0x00},
        {0x00,0x9D,0x83,0x00,0x00,0x70,0xB0,0x00},
        {0x00,0x9B,0x85,0x00,0x00,0x70,0xB0,0x00},
        {0x00,0x72,0xCD,0x47,0x4F,0xC6,0xB0,0x00},
        {0x00,0x07,0x78,0x9E,0x8B,0x9B,0xB0,0x00},
        {0x00,0x00,0x00,0x00,0x00,0x70,0xB0,0x00},
        {0x00,0x00,0x00,0x00,0x00,0x70,0xB0,0x00},
        {0x00,0x00,0x00,0x00,0x00,0x70,0xB0,0x00},
        {0x00,0x00,0x00,0x00,0x00,0x00,0x00,0x00},
        {0x00,0x00,0x00,0x00,0x00,0x00,0x00,0x00},
        {0x00,0x00,0x00,0x00,0x00,0x00,0x00,0x00},
        {0x00,0x00,0x00,0x00,0x00,0x00,0x00,0x00},
        {0x00,0x00,0x00,0x00,0x00,0x00,0x00,0x00},
    },
    [24] = {  /* CP866 0x98 */
        {0x00,0x00,0x00,0x00,0x00,0x00,0x00,0x00},
        {0x00,0x00,0x00,0x00,0x00,0x00,0x00,0x00},
        {0x00,0x2F,0x13,0x1E,0x24,0x0C,0x36,0x00},
        {0x00,0xBD,0x4A,0x77,0x91,0x30,0xD8,0x00},
        {0x00,0xBD,0x4A,0x77,0x91,0x30,0xD8,0x00},
        {0x00,0xBD,0x4A,0x77,0x91,0x30,0xD8,0x00},
        {0x00,0xBD,0x4A,0x77,0x91,0x30,0xD8,0x00},
        {0x00,0xBD,0x4A,0x77,0x91,0x30,0xD8,0x00},
        {0x00,0xBD,0x4A,0x77,0x91,0x30,0xD8,0x00},
        {0x00,0xBD,0x4A,0x77,0x91,0x30,0xD8,0x00},
        {0x00,0xBD,0xE8,0xEE,0xF1,0xE5,0xD8,0x00},
        {0x00,0x00,0x00,0x00,0x00,0x00,0x00,0x00},
        {0x00,0x00,0x00,0x00,0x00,0x00,0x00,0x00},
        {0x00,0x00,0x00,0x00,0x00,0x00,0x00,0x00},
        {0x00,0x00,0x00,0x00,0x00,0x00,0x00,0x00},
        {0x00,0x00,0x00,0x00,0x00,0x00,0x00,0x00},
    },
    [25] = {  /* CP866 0x99 */
        {0x00,0x00,0x00,0x00,0x00,0x00,0x00,0x00},
        {0x00,0x00,0x00,0x00,0x00,0x00,0x00,0x00},
        {0x03,0x3F,0x00,0x31,0x11,0x1F,0x23,0x00},
        {0x0B,0xFD,0x00,0xC3,0x45,0x7C,0x8B,0x00},
        {0x0B,0xFD,0x00,0xC3,0x45,0x7C,0x8B,0x00},
        {0x0B,0xFD,0x00,0xC3,0x45,0x7C,0x8B,0x00},
        {0x0B,0xFD,0x00,0xC3,0x45,0x7C,0x8B,0x00},
        {0x0B,0xFD,0x00,0xC3,0x45,0x7C,0x8B,0x00},
        {0x0B,0xFD,0x00,0xC3,0x45,0x7C,0x8B,0x00},
        {0x0B,0xFD,0x00,0xC3,0x45,0x7C,0x8B,0x00},
        {0x0B,0xFF,0xDF,0xF8,0xE8,0xEF,0xF1,0x41},
        {0x00,0x00,0x00,0x00,0x00,0x00,0xA7,0x4A},
        {0x00,0x00,0x00,0x00,0x00,0x00,0x7D,0x38},
        {0x00,0x00,0x00,0x00,0x00,0x00,0x00,0x00},
        {0x00,0x00,0x00,0x00,0x00,0x00,0x00,0x00},
        {0x00,0x00,0x00,0x00,0x00,0x00,0x00,0x00},
    },
    [26] = {  /* CP866 0x9A */
        {0x00,0x00,0x00,0x00,0x00,0x00,0x00,0x00},
        {0x00,0x00,0x00,0x00,0x00,0x00,0x00,0x00},
        {0x0D,0x40,0x40,0x18,0x00,0x00,0x00,0x00},
        {0x19,0x80,0xDF,0x60,0x00,0x00,0x00,0x00},
        {0x00,0x00,0xBF,0x60,0x00,0x00,0x00,0x00},
        {0x00,0x00,0xBF,0x60,0x00,0x00,0x00,0x00},
        {0x00,0x00,0xBF,0xEB,0xDA,0xA8,0x1F,0x00},
        {0x00,0x00,0xBF,0x60,0x0D,0x9F,0xC1,0x00},
        {0x00,0x00,0xBF,0x60,0x00,0x3C,0xF2,0x00},
        {0x00,0x00,0xBF,0x60,0x01,0x87,0xCD,0x00},
        {0x00,0x00,0xBF,0xEB,0xE6,0xC7,0x2F,0x00},
        {0x00,0x00,0x00,0x00,0x00,0x00,0x00,0x00},
        {0x00,0x00,0x00,0x00,0x00,0x00,0x00,0x00},
        {0x00,0x00,0x00,0x00,0x00,0x00,0x00,0x00},
        {0x00,0x00,0x00,0x00,0x00,0x00,0x00,0x00},
        {0x00,0x00,0x00,0x00,0x00,0x00,0x00,0x00},
    },
    [27] = {  /* CP866 0x9B */
        {0x00,0x00,0x00,0x00,0x00,0x00,0x00,0x00},
        {0x00,0x00,0x00,0x00,0x00,0x00,0x00,0x00},
        {0x01,0x40,0x07,0x00,0x00,0x0D,0x3B,0x00},
        {0x04,0xFF,0x1C,0x00,0x00,0x34,0xEC,0x00},
        {0x04,0xFF,0x1C,0x00,0x00,0x34,0xEC,0x00},
        {0x04,0xFF,0x1C,0x00,0x00,0x34,0xEC,0x00},
        {0x04,0xFF,0xE2,0xBB,0x32,0x34,0xEC,0x00},
        {0x04,0xFF,0x1E,0x68,0xE5,0x37,0xEC,0x00},
        {0x04,0xFF,0x1C,0x12,0xFF,0x4F,0xEC,0x00},
        {0x04,0xFF,0x1C,0x4C,0xEF,0x3A,0xEC,0x00},
        {0x04,0xFF,0xE4,0xD9,0x48,0x34,0xEC,0x00},
        {0x00,0x00,0x00,0x00,0x00,0x00,0x00,0x00},
        {0x00,0x00,0x00,0x00,0x00,0x00,0x00,0x00},
        {0x00,0x00,0x00,0x00,0x00,0x00,0x00,0x00},
        {0x00,0x00,0x00,0x00,0x00,0x00,0x00,0x00},
        {0x00,0x00,0x00,0x00,0x00,0x00,0x00,0x00},
    },
    [28] = {  /* CP866 0x9C */
        {0x00,0x00,0x00,0x00,0x00,0x00,0x00,0x00},
        {0x00,0x00,0x00,0x00,0x00,0x00,0x00,0x00},
        {0x00,0x12,0x36,0x00,0x00,0x00,0x00,0x00},
        {0x00,0x48,0xD7,0x00,0x00,0x00,0x00,0x00},
        {0x00,0x48,0xD7,0x00,0x00,0x00,0x00,0x00},
        {0x00,0x48,0xD7,0x00,0x00,0x00,0x00,0x00},
        {0x00,0x48,0xFA,0xDF,0xE6,0xC6,0x2D,0x00},
        {0x00,0x48,0xD7,0x00,0x01,0x8C,0xC9,0x00},
        {0x00,0x48,0xD7,0x00,0x00,0x3B,0xF2,0x00},
        {0x00,0x48,0xD7,0x00,0x01,0x8B,0xC9,0x00},
        {0x00,0x48,0xFA,0xDF,0xE6,0xC6,0x2C,0x00},
        {0x00,0x00,0x00,0x00,0x00,0x00,0x00,0x00},
        {0x00,0x00,0x00,0x00,0x00,0x00,0x00,0x00},
        {0x00,0x00,0x00,0x00,0x00,0x00,0x00,0x00},
        {0x00,0x00,0x00,0x00,0x00,0x00,0x00,0x00},
        {0x00,0x00,0x00,0x00,0x00,0x00,0x00,0x00},
    },
    [29] = {  /* CP866 0x9D */
        {0x00,0x00,0x00,0x00,0x00,0x00,0x00,0x00},
        {0x00,0x00,0x00,0x00,0x00,0x00,0x00,0x00},
        {0x00,0x03,0x44,0x5A,0x24,0x00,0x00,0x00},
        {0x00,0x8B,0xA7,0x88,0xDC,0x73,0x00,0x00},
        {0x00,0x14,0x00,0x00,0x1A,0xF4,0x25,0x00},
        {0x00,0x00,0x00,0x00,0x00,0xBF,0x73,0x00},
        {0x00,0x10,0x9F,0x9F,0x9F,0xDD,0x91,0x00},
        {0x00,0x06,0x40,0x40,0x40,0xB6,0x8D,0x00},
        {0x00,0x00,0x00,0x00,0x00,0xC5,0x65,0x00},
        {0x00,0x37,0x04,0x00,0x40,0xEE,0x14,0x00},
        {0x00,0x6A,0xDC,0xC7,0xDC,0x41,0x00,0x00},
        {0x00,0x00,0x0B,0x1B,0x01,0x00,0x00,0x00},
        {0x00,0x00,0x00,0x00,0x00,0x00,0x00,0x00},
        {0x00,0x00,0x00,0x00,0x00,0x00,0x00,0x00},
        {0x00,0x00,0x00,0x00,0x00,0x00,0x00,0x00},
        {0x00,0x00,0x00,0x00,0x00,0x00,0x00,0x00},
    },
    [30] = {  /* CP866 0x9E */
        {0x00,0x00,0x00,0x00,0x00,0x00,0x00,0x00},
        {0x00,0x00,0x00,0x00,0x00,0x00,0x00,0x00},
        {0x03,0x40,0x06,0x05,0x4F,0x43,0x00,0x00},
        {0x0B,0xFF,0x16,0xA0,0xB1,0xC6,0x74,0x00},
        {0x0B,0xFF,0x26,0xF4,0x09,0x2B,0xE1,0x00},
        {0x0B,0xFF,0x51,0xD8,0x00,0x04,0xFE,0x11},
        {0x0B,0xFF,0xC3,0xCD,0x00,0x00,0xF6,0x22},
        {0x0B,0xFF,0x86,0xCF,0x00,0x00,0xF8,0x20},
        {0x0B,0xFF,0x47,0xE2,0x00,0x0D,0xFE,0x0A},
        {0x0B,0xFF,0x1C,0xF0,0x27,0x4F,0xCF,0x00},
        {0x0B,0xFF,0x16,0x70,0xF1,0xEF,0x49,0x00},
        {0x00,0x00,0x00,0x00,0x12,0x0C,0x00,0x00},
        {0x00,0x00,0x00,0x00,0x00,0x00,0x00,0x00},
        {0x00,0x00,0x00,0x00,0x00,0x00,0x00,0x00},
        {0x00,0x00,0x00,0x00,0x00,0x00,0x00,0x00},
        {0x00,0x00,0x00,0x00,0x00,0x00,0x00,0x00},
    },
    [31] = {  /* CP866 0x9F */
        {0x00,0x00,0x00,0x00,0x00,0x00,0x00,0x00},
        {0x00,0x00,0x00,0x00,0x00,0x00,0x00,0x00},
        {0x00,0x00,0x01,0x2B,0x3F,0x40,0x3B,0x00},
        {0x00,0x0E,0xC9,0xCD,0xA0,0xB3,0xEA,0x00},
        {0x00,0x68,0xD3,0x02,0x00,0x35,0xEA,0x00},
        {0x00,0x74,0xBE,0x00,0x00,0x35,0xEA,0x00},
        {0x00,0x20,0xE6,0x89,0x60,0x81,0xEA,0x00},
        {0x00,0x00,0x27,0xFA,0x87,0x9A,0xEA,0x00},
        {0x00,0x00,0x90,0x9F,0x00,0x35,0xEA,0x00},
        {0x00,0x24,0xEF,0x1C,0x00,0x35,0xEA,0x00},
        {0x00,0xAC,0x83,0x00,0x00,0x35,0xEA,0x00},
        {0x00,0x00,0x00,0x00,0x00,0x00,0x00,0x00},
        {0x00,0x00,0x00,0x00,0x00,0x00,0x00,0x00},
        {0x00,0x00,0x00,0x00,0x00,0x00,0x00,0x00},
        {0x00,0x00,0x00,0x00,0x00,0x00,0x00,0x00},
        {0x00,0x00,0x00,0x00,0x00,0x00,0x00,0x00},
    },
    [32] = {  /* CP866 0xA0 */
        {0x00,0x00,0x00,0x00,0x00,0x00,0x00,0x00},
        {0x00,0x00,0x00,0x00,0x00,0x00,0x00,0x00},
        {0x00,0x00,0x00,0x00,0x00,0x00,0x00,0x00},
        {0x00,0x00,0x00,0x00,0x00,0x00,0x00,0x00},
        {0x00,0x00,0x21,0x56,0x52,0x10,0x00,0x00},
        {0x00,0x2A,0xCB,0x89,0x96,0xE1,0x1F,0x00},
        {0x00,0x03,0x00,0x00,0x00,0x98,0x72,0x00},
        {0x00,0x0C,0x93,0xC6,0xC0,0xE1,0x81,0x00},
        {0x00,0x82,0x9C,0x03,0x00,0x90,0x82,0x00},
        {0x00,0x98,0x7D,0x00,0x0F,0xDE,0x82,0x00},
        {0x00,0x30,0xE5,0xC7,0xCD,0xB0,0x82,0x00},
        {0x00,0x00,0x05,0x1C,0x03,0x00,0x00,0x00},
        {0x00,0x00,0x00,0x00,0x00,0x00,0x00,0x00},
        {0x00,0x00,0x00,0x00,0x00,0x00,0x00,0x00},
        {0x00,0x00,0x00,0x00,0x00,0x00,0x00,0x00},
        {0x00,0x00,0x00,0x00,0x00,0x00,0x00,0x00},
    },
    [33] = {  /* CP866 0xA1 */
        {0x00,0x00,0x00,0x00,0x00,0x00,0x00,0x00},
        {0x00,0x00,0x00,0x00,0x00,0x00,0x00,0x00},
        {0x00,0x00,0x09,0x64,0x96,0xA8,0x0D,0x00},
        {0x00,0x0B,0xC8,0x81,0x38,0x1E,0x02,0x00},
        {0x00,0x72,0x7C,0x50,0x56,0x11,0x00,0x00},
        {0x00,0xA8,0xF2,0xA0,0x97,0xE3,0x1D,0x00},
        {0x00,0xA8,0xAF,0x00,0x00,0x97,0x87,0x00},
        {0x00,0x9E,0x7D,0x00,0x00,0x64,0xB1,0x00},
        {0x00,0x95,0x83,0x00,0x00,0x6A,0xAC,0x00},
        {0x00,0x5E,0xCC,0x04,0x01,0xB5,0x73,0x00},
        {0x00,0x04,0xA7,0xDC,0xD6,0xB8,0x0A,0x00},
        {0x00,0x00,0x00,0x12,0x15,0x00,0x00,0x00},
        {0x00,0x00,0x00,0x00,0x00,0x00,0x00,0x00},
        {0x00,0x00,0x00,0x00,0x00,0x00,0x00,0x00},
        {0x00,0x00,0x00,0x00,0x00,0x00,0x00,0x00},
        {0x00,0x00,0x00,0x00,0x00,0x00,0x00,0x00},
    },
    [34] = {  /* CP866 0xA2 */
        {0x00,0x00,0x00,0x00,0x00,0x00,0x00,0x00},
        {0x00,0x00,0x00,0x00,0x00,0x00,0x00,0x00},
        {0x00,0x00,0x00,0x00,0x00,0x00,0x00,0x00},
        {0x00,0x00,0x00,0x00,0x00,0x00,0x00,0x00},
        {0x00,0x0E,0x40,0x40,0x32,0x03,0x00,0x00},
        {0x00,0x37,0xE7,0x80,0xA3,0xC0,0x01,0x00},
        {0x00,0x37,0xCE,0x00,0x0B,0xFA,0x05,0x00},
        {0x00,0x37,0xF3,0xBF,0xDA,0x92,0x00,0x00},
        {0x00,0x37,0xCE,0x00,0x12,0xE4,0x2F,0x00},
        {0x00,0x37,0xCE,0x00,0x03,0xDE,0x44,0x00},
        {0x00,0x37,0xF3,0xBF,0xCD,0xA3,0x04,0x00},
        {0x00,0x00,0x00,0x00,0x00,0x00,0x00,0x00},
        {0x00,0x00,0x00,0x00,0x00,0x00,0x00,0x00},
        {0x00,0x00,0x00,0x00,0x00,0x00,0x00,0x00},
        {0x00,0x00,0x00,0x00,0x00,0x00,0x00,0x00},
        {0x00,0x00,0x00,0x00,0x00,0x00,0x00,0x00},
    },
    [35] = {  /* CP866 0xA3 */
        {0x00,0x00,0x00,0x00,0x00,0x00,0x00,0x00},
        {0x00,0x00,0x00,0x00,0x00,0x00,0x00,0x00},
        {0x00,0x00,0x00,0x00,0x00,0x00,0x00,0x00},
        {0x00,0x00,0x00,0x00,0x00,0x00,0x00,0x00},
        {0x00,0x00,0x3D,0x40,0x40,0x40,0x0F,0x00},
        {0x00,0x00,0xF2,0x89,0x80,0x80,0x1D,0x00},
        {0x00,0x00,0xF2,0x13,0x00,0x00,0x00,0x00},
        {0x00,0x00,0xF2,0x13,0x00,0x00,0x00,0x00},
        {0x00,0x00,0xF2,0x13,0x00,0x00,0x00,0x00},
        {0x00,0x00,0xF2,0x13,0x00,0x00,0x00,0x00},
        {0x00,0x00,0xF2,0x13,0x00,0x00,0x00,0x00},
        {0x00,0x00,0x00,0x00,0x00,0x00,0x00,0x00},
        {0x00,0x00,0x00,0x00,0x00,0x00,0x00,0x00},
        {0x00,0x00,0x00,0x00,0x00,0x00,0x00,0x00},
        {0x00,0x00,0x00,0x00,0x00,0x00,0x00,0x00},
        {0x00,0x00,0x00,0x00,0x00,0x00,0x00,0x00},
    },
    [36] = {  /* CP866 0xA4 */
        {0x00,0x00,0x00,0x00,0x00,0x00,0x00,0x00},
        {0x00,0x00,0x00,0x00,0x00,0x00,0x00,0x00},
        {0x00,0x00,0x00,0x00,0x00,0x00,0x00,0x00},
        {0x00,0x00,0x00,0x00,0x00,0x00,0x00,0x00},
        {0x00,0x00,0x3C,0x40,0x40,0x40,0x0E,0x00},
        {0x00,0x00,0xEF,0x8A,0x80,0xE7,0x38,0x00},
        {0x00,0x00,0xEF,0x15,0x00,0xCE,0x38,0x00},
        {0x00,0x00,0xF1,0x11,0x00,0xCE,0x38,0x00},
        {0x00,0x02,0xFB,0x04,0x00,0xCE,0x38,0x00},
        {0x00,0x17,0xF0,0x00,0x00,0xCE,0x38,0x00},
        {0x00,0xA8,0xF7,0xBF,0xBF,0xF3,0xB8,0x00},
        {0x00,0xCA,0x0B,0x00,0x00,0x00,0xD5,0x00},
        {0x00,0x7E,0x07,0x00,0x00,0x00,0x85,0x00},
        {0x00,0x00,0x00,0x00,0x00,0x00,0x00,0x00},
        {0x00,0x00,0x00,0x00,0x00,0x00,0x00,0x00},
        {0x00,0x00,0x00,0x00,0x00,0x00,0x00,0x00},
    },
    [37] = {  /* CP866 0xA5 */
        {0x00,0x00,0x00,0x00,0x00,0x00,0x00,0x00},
        {0x00,0x00,0x00,0x00,0x00,0x00,0x00,0x00},
        {0x00,0x00,0x00,0x00,0x00,0x00,0x00,0x00},
        {0x00,0x00,0x00,0x00,0x00,0x00,0x00,0x00},
        {0x00,0x00,0x05,0x47,0x59,0x19,0x00,0x00},
        {0x00,0x0C,0xCB,0xAD,0x8D,0xE1,0x2E,0x00},
        {0x00,0x75,0xAC,0x00,0x00,0x64,0xA4,0x00},
        {0x00,0xAA,0xC9,0x9E,0x9F,0xB6,0xC9,0x00},
        {0x00,0xA4,0x7C,0x20,0x20,0x20,0x1A,0x00},
        {0x00,0x5C,0xC1,0x07,0x00,0x04,0x22,0x00},
        {0x00,0x01,0x8D,0xE1,0xC3,0xE0,0x6A,0x00},
        {0x00,0x00,0x00,0x0A,0x1C,0x04,0x00,0x00},
        {0x00,0x00,0x00,0x00,0x00,0x00,0x00,0x00},
        {0x00,0x00,0x00,0x00,0x00,0x00,0x00,0x00},
        {0x00,0x00,0x00,0x00,0x00,0x00,0x00,0x00},
        {0x00,0x00,0x00,0x00,0x00,0x00,0x00,0x00},
    },
    [38] = {  /* CP866 0xA6 */
        {0x00,0x00,0x00,0x00,0x00,0x00,0x00,0x00},
        {0x00,0x00,0x00,0x00,0x00,0x00,0x00,0x00},
        {0x00,0x00,0x00,0x00,0x00,0x00,0x00,0x00},
        {0x00,0x00,0x00,0x00,0x00,0x00,0x00,0x00},
        {0x00,0x37,0x10,0x1B,0x21,0x09,0x3D,0x00},
        {0x00,0x7E,0x9C,0x6A,0x84,0x81,0x99,0x00},
        {0x00,0x09,0xDD,0x9F,0xA5,0xE5,0x14,0x00},
        {0x00,0x00,0xC9,0xFD,0xFD,0xE2,0x02,0x00},
        {0x00,0x26,0xD8,0xBC,0xD1,0xC1,0x40,0x00},
        {0x00,0x82,0x7D,0x6A,0x84,0x62,0x9C,0x00},
        {0x01,0xDB,0x22,0x6A,0x84,0x0F,0xE7,0x08},
        {0x00,0x00,0x00,0x00,0x00,0x00,0x00,0x00},
        {0x00,0x00,0x00,0x00,0x00,0x00,0x00,0x00},
        {0x00,0x00,0x00,0x00,0x00,0x00,0x00,0x00},
        {0x00,0x00,0x00,0x00,0x00,0x00,0x00,0x00},
        {0x00,0x00,0x00,0x00,0x00,0x00,0x00,0x00},
    },
    [39] = {  /* CP866 0xA7 */
        {0x00,0x00,0x00,0x00,0x00,0x00,0x00,0x00},
        {0x00,0x00,0x00,0x00,0x00,0x00,0x00,0x00},
        {0x00,0x00,0x00,0x00,0x00,0x00,0x00,0x00},
        {0x00,0x00,0x00,0x00,0x00,0x00,0x00,0x00},
        {0x00,0x08,0x40,0x5B,0x51,0x12,0x00,0x00},
        {0x00,0x27,0x9E,0x83,0x9A,0xE9,0x24,0x00},
        {0x00,0x00,0x00,0x00,0x00,0xC0,0x4A,0x00},
        {0x00,0x00,0x19,0xC0,0xD8,0xA1,0x01,0x00},
        {0x00,0x00,0x00,0x00,0x1B,0xC1,0x54,0x00},
        {0x00,0x05,0x00,0x00,0x01,0xA2,0x7B,0x00},
        {0x00,0x66,0xD9,0xC2,0xDD,0xBD,0x15,0x00},
        {0x00,0x00,0x0C,0x1E,0x0E,0x00,0x00,0x00},
        {0x00,0x00,0x00,0x00,0x00,0x00,0x00,0x00},
        {0x00,0x00,0x00,0x00,0x00,0x00,0x00,0x00},
        {0x00,0x00,0x00,0x00,0x00,0x00,0x00,0x00},
        {0x00,0x00,0x00,0x00,0x00,0x00,0x00,0x00},
    },
    [40] = {  /* CP866 0xA8 */
        {0x00,0x00,0x00,0x00,0x00,0x00,0x00,0x00},
        {0x00,0x00,0x00,0x00,0x00,0x00,0x00,0x00},
        {0x00,0x00,0x00,0x00,0x00,0x00,0x00,0x00},
        {0x00,0x00,0x00,0x00,0x00,0x00,0x00,0x00},
        {0x00,0x13,0x2F,0x00,0x00,0x29,0x1D,0x00},
        {0x00,0x4A,0xBA,0x00,0x15,0xEE,0x75,0x00},
        {0x00,0x4A,0xBA,0x00,0x9D,0xEB,0x75,0x00},
        {0x00,0x4A,0xBA,0x38,0xCE,0x94,0x75,0x00},
        {0x00,0x4A,0xBD,0xCC,0x3C,0x90,0x75,0x00},
        {0x00,0x4A,0xFA,0xA1,0x00,0x90,0x75,0x00},
        {0x00,0x4A,0xF0,0x17,0x00,0x90,0x75,0x00},
        {0x00,0x00,0x00,0x00,0x00,0x00,0x00,0x00},
        {0x00,0x00,0x00,0x00,0x00,0x00,0x00,0x00},
        {0x00,0x00,0x00,0x00,0x00,0x00,0x00,0x00},
        {0x00,0x00,0x00,0x00,0x00,0x00,0x00,0x00},
        {0x00,0x00,0x00,0x00,0x00,0x00,0x00,0x00},
    },
    [41] = {  /* CP866 0xA9 */
        {0x00,0x00,0x00,0x00,0x00,0x00,0x00,0x00},
        {0x00,0x00,0x15,0x00,0x00,0x15,0x00,0x00},
        {0x00,0x00,0x88,0x6B,0x5E,0x9E,0x00,0x00},
        {0x00,0x00,0x09,0x6A,0x70,0x10,0x00,0x00},
        {0x00,0x13,0x2F,0x00,0x00,0x29,0x1D,0x00},
        {0x00,0x4A,0xBA,0x00,0x15,0xEE,0x75,0x00},
        {0x00,0x4A,0xBA,0x00,0x9D,0xEB,0x75,0x00},
        {0x00,0x4A,0xBA,0x38,0xCE,0x94,0x75,0x00},
        {0x00,0x4A,0xBD,0xCC,0x3C,0x90,0x75,0x00},
        {0x00,0x4A,0xFA,0xA1,0x00,0x90,0x75,0x00},
        {0x00,0x4A,0xF0,0x17,0x00,0x90,0x75,0x00},
        {0x00,0x00,0x00,0x00,0x00,0x00,0x00,0x00},
        {0x00,0x00,0x00,0x00,0x00,0x00,0x00,0x00},
        {0x00,0x00,0x00,0x00,0x00,0x00,0x00,0x00},
        {0x00,0x00,0x00,0x00,0x00,0x00,0x00,0x00},
        {0x00,0x00,0x00,0x00,0x00,0x00,0x00,0x00},
    },
    [42] = {  /* CP866 0xAA */
        {0x00,0x00,0x00,0x00,0x00,0x00,0x00,0x00},
        {0x00,0x00,0x00,0x00,0x00,0x00,0x00,0x00},
        {0x00,0x00,0x00,0x00,0x00,0x00,0x00,0x00},
        {0x00,0x00,0x00,0x00,0x00,0x00,0x00,0x00},
        {0x00,0x04,0x3F,0x00,0x00,0x1D,0x32,0x00},
        {0x00,0x11,0xFD,0x00,0x2F,0xD8,0x35,0x00},
        {0x00,0x11,0xFD,0x35,0xD7,0x2F,0x00,0x00},
        {0x00,0x11,0xFE,0xE5,0xC1,0x03,0x00,0x00},
        {0x00,0x11,0xFE,0x21,0xB9,0x7B,0x00,0x00},
        {0x00,0x11,0xFD,0x00,0x19,0xE7,0x3A,0x00},
        {0x00,0x11,0xFD,0x00,0x00,0x4F,0xDF,0x10},
        {0x00,0x00,0x00,0x00,0x00,0x00,0x00,0x00},
        {0x00,0x00,0x00,0x00,0x00,0x00,0x00,0x00},
        {0x00,0x00,0x00,0x00,0x00,0x00,0x00,0x00},
        {0x00,0x00,0x00,0x00,0x00,0x00,0x00,0x00},
        {0x00,0x00,0x00,0x00,0x00,0x00,0x00,0x00},
    },
    [43] = {  /* CP866 0xAB */
        {0x00,0x00,0x00,0x00,0x00,0x00,0x00,0x00},
        {0x00,0x00,0x00,0x00,0x00,0x00,0x00,0x00},
        {0x00,0x00,0x00,0x00,0x00,0x00,0x00,0x00},
        {0x00,0x00,0x00,0x00,0x00,0x00,0x00,0x00},
        {0x00,0x00,0x3A,0x40,0x40,0x40,0x1D,0x00},
        {0x00,0x00,0xE6,0x8F,0x80,0xC8,0x75,0x00},
        {0x00,0x00,0xE6,0x1F,0x00,0x90,0x75,0x00},
        {0x00,0x00,0xE8,0x1C,0x00,0x90,0x75,0x00},
        {0x00,0x00,0xF2,0x10,0x00,0x90,0x75,0x00},
        {0x00,0x1D,0xE6,0x00,0x00,0x90,0x75,0x00},
        {0x28,0xD6,0x60,0x00,0x00,0x90,0x75,0x00},
        {0x00,0x00,0x00,0x00,0x00,0x00,0x00,0x00},
        {0x00,0x00,0x00,0x00,0x00,0x00,0x00,0x00},
        {0x00,0x00,0x00,0x00,0x00,0x00,0x00,0x00},
        {0x00,0x00,0x00,0x00,0x00,0x00,0x00,0x00},
        {0x00,0x00,0x00,0x00,0x00,0x00,0x00,0x00},
    },
    [44] = {  /* CP866 0xAC */
        {0x00,0x00,0x00,0x00,0x00,0x00,0x00,0x00},
        {0x00,0x00,0x00,0x00,0x00,0x00,0x00,0x00},
        {0x00,0x00,0x00,0x00,0x00,0x00,0x00,0x00},
        {0x00,0x00,0x00,0x00,0x00,0x00,0x00,0x00},
        {0x03,0x40,0x03,0x00,0x00,0x00,0x3A,0x0B},
        {0x0A,0xFF,0x64,0x00,0x00,0x41,0xFF,0x2C},
        {0x0A,0xFF,0xE4,0x0A,0x01,0xCB,0xFE,0x2C},
        {0x0A,0xFC,0xA3,0x7A,0x57,0xC4,0xD9,0x2C},
        {0x0A,0xFC,0x19,0xE2,0xDB,0x31,0xD8,0x2C},
        {0x0A,0xFC,0x00,0x4B,0x5D,0x00,0xD8,0x2C},
        {0x0A,0xFC,0x00,0x00,0x00,0x00,0xD8,0x2C},
        {0x00,0x00,0x00,0x00,0x00,0x00,0x00,0x00},
        {0x00,0x00,0x00,0x00,0x00,0x00,0x00,0x00},
        {0x00,0x00,0x00,0x00,0x00,0x00,0x00,0x00},
        {0x00,0x00,0x00,0x00,0x00,0x00,0x00,0x00},
        {0x00,0x00,0x00,0x00,0x00,0x00,0x00,0x00},
    },
    [45] = {  /* CP866 0xAD */
        {0x00,0x00,0x00,0x00,0x00,0x00,0x00,0x00},
        {0x00,0x00,0x00,0x00,0x00,0x00,0x00,0x00},
        {0x00,0x00,0x00,0x00,0x00,0x00,0x00,0x00},
        {0x00,0x00,0x00,0x00,0x00,0x00,0x00,0x00},
        {0x00,0x13,0x2F,0x00,0x00,0x24,0x1D,0x00},
        {0x00,0x4A,0xBA,0x00,0x00,0x90,0x75,0x00},
        {0x00,0x4A,0xBA,0x00,0x00,0x90,0x75,0x00},
        {0x00,0x4A,0xEE,0xBF,0xBF,0xE3,0x75,0x00},
        {0x00,0x4A,0xBA,0x00,0x00,0x90,0x75,0x00},
        {0x00,0x4A,0xBA,0x00,0x00,0x90,0x75,0x00},
        {0x00,0x4A,0xBA,0x00,0x00,0x90,0x75,0x00},
        {0x00,0x00,0x00,0x00,0x00,0x00,0x00,0x00},
        {0x00,0x00,0x00,0x00,0x00,0x00,0x00,0x00},
        {0x00,0x00,0x00,0x00,0x00,0x00,0x00,0x00},
        {0x00,0x00,0x00,0x00,0x00,0x00,0x00,0x00},
        {0x00,0x00,0x00,0x00,0x00,0x00,0x00,0x00},
    },
    [46] = {  /* CP866 0xAE */
        {0x00,0x00,0x00,0x00,0x00,0x00,0x00,0x00},
        {0x00,0x00,0x00,0x00,0x00,0x00,0x00,0x00},
        {0x00,0x00,0x00,0x00,0x00,0x00,0x00,0x00},
        {0x00,0x00,0x00,0x00,0x00,0x00,0x00,0x00},
        {0x00,0x00,0x0B,0x51,0x54,0x11,0x00,0x00},
        {0x00,0x10,0xDA,0xA1,0x98,0xE3,0x1D,0x00},
        {0x00,0x6F,0xB0,0x00,0x00,0x98,0x88,0x00},
        {0x00,0x98,0x7D,0x00,0x00,0x64,0xB1,0x00},
        {0x00,0x93,0x83,0x00,0x00,0x6A,0xAC,0x00},
        {0x00,0x5A,0xCC,0x04,0x01,0xB7,0x73,0x00},
        {0x00,0x04,0xA7,0xDC,0xD7,0xB8,0x0A,0x00},
        {0x00,0x00,0x00,0x12,0x15,0x00,0x00,0x00},
        {0x00,0x00,0x00,0x00,0x00,0x00,0x00,0x00},
        {0x00,0x00,0x00,0x00,0x00,0x00,0x00,0x00},
        {0x00,0x00,0x00,0x00,0x00,0x00,0x00,0x00},
        {0x00,0x00,0x00,0x00,0x00,0x00,0x00,0x00},
    },
    [47] = {  /* CP866 0xAF */
        {0x00,0x00,0x00,0x00,0x00,0x00,0x00,0x00},
        {0x00,0x00,0x00,0x00,0x00,0x00,0x00,0x00},
        {0x00,0x00,0x00,0x00,0x00,0x00,0x00,0x00},
        {0x00,0x00,0x00,0x00,0x00,0x00,0x00,0x00},
        {0x00,0x13,0x40,0x40,0x40,0x40,0x1D,0x00},
        {0x00,0x4A,0xDD,0x80,0x80,0xC8,0x75,0x00},
        {0x00,0x4A,0xBA,0x00,0x00,0x90,0x75,0x00},
        {0x00,0x4A,0xBA,0x00,0x00,0x90,0x75,0x00},
        {0x00,0x4A,0xBA,0x00,0x00,0x90,0x75,0x00},
        {0x00,0x4A,0xBA,0x00,0x00,0x90,0x75,0x00},
        {0x00,0x4A,0xBA,0x00,0x00,0x90,0x75,0x00},
        {0x00,0x00,0x00,0x00,0x00,0x00,0x00,0x00},
        {0x00,0x00,0x00,0x00,0x00,0x00,0x00,0x00},
        {0x00,0x00,0x00,0x00,0x00,0x00,0x00,0x00},
        {0x00,0x00,0x00,0x00,0x00,0x00,0x00,0x00},
        {0x00,0x00,0x00,0x00,0x00,0x00,0x00,0x00},
    },
    [48] = {  /* CP866 0xE0 */
        {0x00,0x00,0x00,0x00,0x00,0x00,0x00,0x00},
        {0x00,0x00,0x00,0x00,0x00,0x00,0x00,0x00},
        {0x00,0x00,0x00,0x00,0x00,0x00,0x00,0x00},
        {0x00,0x00,0x00,0x00,0x00,0x00,0x00,0x00},
        {0x00,0x15,0x2D,0x2B,0x5A,0x1C,0x00,0x00},
        {0x00,0x52,0xE4,0xB7,0x8F,0xE7,0x29,0x00},
        {0x00,0x52,0xE6,0x05,0x00,0x81,0x98,0x00},
        {0x00,0x52,0xB9,0x00,0x00,0x50,0xC1,0x00},
        {0x00,0x52,0xBF,0x00,0x00,0x55,0xBD,0x00},
        {0x00,0x52,0xF3,0x17,0x00,0x9E,0x85,0x00},
        {0x00,0x52,0xD2,0xCD,0xCE,0xCC,0x12,0x00},
        {0x00,0x52,0xB4,0x05,0x1B,0x01,0x00,0x00},
        {0x00,0x52,0xB4,0x00,0x00,0x00,0x00,0x00},
        {0x00,0x1F,0x44,0x00,0x00,0x00,0x00,0x00},
        {0x00,0x00,0x00,0x00,0x00,0x00,0x00,0x00},
        {0x00,0x00,0x00,0x00,0x00,0x00,0x00,0x00},
    },
    [49] = {  /* CP866 0xE1 */
        {0x00,0x00,0x00,0x00,0x00,0x00,0x00,0x00},
        {0x00,0x00,0x00,0x00,0x00,0x00,0x00,0x00},
        {0x00,0x00,0x00,0x00,0x00,0x00,0x00,0x00},
        {0x00,0x00,0x00,0x00,0x00,0x00,0x00,0x00},
        {0x00,0x00,0x00,0x26,0x5A,0x4C,0x0D,0x00},
        {0x00,0x00,0x73,0xDD,0x88,0x9B,0x7A,0x00},
        {0x00,0x16,0xF4,0x1C,0x00,0x00,0x03,0x00},
        {0x00,0x44,0xCF,0x00,0x00,0x00,0x00,0x00},
        {0x00,0x3E,0xD8,0x00,0x00,0x00,0x00,0x00},
        {0x00,0x0A,0xEB,0x41,0x00,0x00,0x18,0x00},
        {0x00,0x00,0x42,0xDE,0xC8,0xD4,0x64,0x00},
        {0x00,0x00,0x00,0x02,0x1B,0x0B,0x00,0x00},
        {0x00,0x00,0x00,0x00,0x00,0x00,0x00,0x00},
        {0x00,0x00,0x00,0x00,0x00,0x00,0x00,0x00},
        {0x00,0x00,0x00,0x00,0x00,0x00,0x00,0x00},
        {0x00,0x00,0x00,0x00,0x00,0x00,0x00,0x00},
    },
    [50] = {  /* CP866 0xE2 */
        {0x00,0x00,0x00,0x00,0x00,0x00,0x00,0x00},
        {0x00,0x00,0x00,0x00,0x00,0x00,0x00,0x00},
        {0x00,0x00,0x00,0x00,0x00,0x00,0x00,0x00},
        {0x00,0x00,0x00,0x00,0x00,0x00,0x00,0x00},
        {0x00,0x08,0x40,0x40,0x40,0x40,0x17,0x00},
        {0x00,0x10,0x80,0xB3,0xCF,0x80,0x2D,0x00},
        {0x00,0x00,0x00,0x66,0x9F,0x00,0x00,0x00},
        {0x00,0x00,0x00,0x66,0x9F,0x00,0x00,0x00},
        {0x00,0x00,0x00,0x66,0x9F,0x00,0x00,0x00},
        {0x00,0x00,0x00,0x66,0x9F,0x00,0x00,0x00},
        {0x00,0x00,0x00,0x66,0x9F,0x00,0x00,0x00},
        {0x00,0x00,0x00,0x00,0x00,0x00,0x00,0x00},
        {0x00,0x00,0x00,0x00,0x00,0x00,0x00,0x00},
        {0x00,0x00,0x00,0x00,0x00,0x00,0x00,0x00},
        {0x00,0x00,0x00,0x00,0x00,0x00,0x00,0x00},
        {0x00,0x00,0x00,0x00,0x00,0x00,0x00,0x00},
    },
    [51] = {  /* CP866 0xE3 */
        {0x00,0x00,0x00,0x00,0x00,0x00,0x00,0x00},
        {0x00,0x00,0x00,0x00,0x00,0x00,0x00,0x00},
        {0x00,0x00,0x00,0x00,0x00,0x00,0x00,0x00},
        {0x00,0x00,0x00,0x00,0x00,0x00,0x00,0x00},
        {0x00,0x30,0x15,0x00,0x00,0x07,0x3E,0x00},
        {0x00,0x81,0x91,0x00,0x00,0x55,0xBC,0x00},
        {0x00,0x1F,0xE9,0x06,0x00,0xB4,0x5A,0x00},
        {0x00,0x00,0xB8,0x52,0x18,0xEA,0x08,0x00},
        {0x00,0x00,0x54,0xB2,0x72,0x93,0x00,0x00},
        {0x00,0x00,0x06,0xE5,0xDD,0x31,0x00,0x00},
        {0x00,0x00,0x00,0x8C,0xD0,0x00,0x00,0x00},
        {0x00,0x00,0x00,0xA3,0x6F,0x00,0x00,0x00},
        {0x00,0x2D,0x91,0xE5,0x10,0x00,0x00,0x00},
        {0x00,0x22,0x5D,0x1B,0x00,0x00,0x00,0x00},
        {0x00,0x00,0x00,0x00,0x00,0x00,0x00,0x00},
        {0x00,0x00,0x00,0x00,0x00,0x00,0x00,0x00},
    },
    [52] = {  /* CP866 0xE4 */
        {0x00,0x00,0x00,0x00,0x00,0x00,0x00,0x00},
        {0x00,0x00,0x00,0x00,0x00,0x00,0x00,0x00},
        {0x00,0x00,0x00,0x4E,0x56,0x00,0x00,0x00},
        {0x00,0x00,0x00,0x7C,0x89,0x00,0x00,0x00},
        {0x00,0x00,0x0C,0x98,0xA3,0x0E,0x00,0x00},
        {0x00,0x34,0xE6,0xD8,0xDB,0xE6,0x3D,0x00},
        {0x00,0xA9,0x70,0x7C,0x89,0x63,0xB5,0x00},
        {0x00,0xCE,0x45,0x7C,0x89,0x39,0xDA,0x00},
        {0x00,0xCC,0x48,0x7C,0x89,0x3C,0xD8,0x00},
        {0x00,0xA0,0x82,0x7C,0x89,0x75,0xAC,0x00},
        {0x00,0x24,0xD7,0xE9,0xEA,0xDB,0x2B,0x00},
        {0x00,0x00,0x01,0x88,0x94,0x01,0x00,0x00},
        {0x00,0x00,0x00,0x7C,0x89,0x00,0x00,0x00},
        {0x00,0x00,0x00,0x2F,0x33,0x00,0x00,0x00},
        {0x00,0x00,0x00,0x00,0x00,0x00,0x00,0x00},
        {0x00,0x00,0x00,0x00,0x00,0x00,0x00,0x00},
    },
    [53] = {  /* CP866 0xE5 */
        {0x00,0x00,0x00,0x00,0x00,0x00,0x00,0x00},
        {0x00,0x00,0x00,0x00,0x00,0x00,0x00,0x00},
        {0x00,0x00,0x00,0x00,0x00,0x00,0x00,0x00},
        {0x00,0x00,0x00,0x00,0x00,0x00,0x00,0x00},
        {0x00,0x29,0x1F,0x00,0x00,0x1A,0x2F,0x00},
        {0x00,0x34,0xDA,0x11,0x09,0xD1,0x48,0x00},
        {0x00,0x00,0x6F,0xAC,0x95,0x87,0x00,0x00},
        {0x00,0x00,0x01,0xBC,0xD1,0x04,0x00,0x00},
        {0x00,0x00,0x23,0xDE,0xDB,0x34,0x00,0x00},
        {0x00,0x07,0xCC,0x52,0x3C,0xDA,0x10,0x00},
        {0x00,0x94,0x97,0x00,0x00,0x7F,0xAC,0x01},
        {0x00,0x00,0x00,0x00,0x00,0x00,0x00,0x00},
        {0x00,0x00,0x00,0x00,0x00,0x00,0x00,0x00},
        {0x00,0x00,0x00,0x00,0x00,0x00,0x00,0x00},
        {0x00,0x00,0x00,0x00,0x00,0x00,0x00,0x00},
        {0x00,0x00,0x00,0x00,0x00,0x00,0x00,0x00},
    },
    [54] = {  /* CP866 0xE6 */
        {0x00,0x00,0x00,0x00,0x00,0x00,0x00,0x00},
        {0x00,0x00,0x00,0x00,0x00,0x00,0x00,0x00},
        {0x00,0x00,0x00,0x00,0x00,0x00,0x00,0x00},
        {0x00,0x00,0x00,0x00,0x00,0x00,0x00,0x00},
        {0x00,0x2C,0x16,0x00,0x00,0x3E,0x04,0x00},
        {0x00,0xAF,0x56,0x00,0x00,0xF6,0x0F,0x00},
        {0x00,0xAF,0x56,0x00,0x00,0xF6,0x0F,0x00},
        {0x00,0xAF,0x56,0x00,0x00,0xF6,0x0F,0x00},
        {0x00,0xAF,0x56,0x00,0x00,0xF6,0x0F,0x00},
        {0x00,0xAF,0x56,0x00,0x00,0xF6,0x0F,0x00},
        {0x00,0xAF,0xD5,0xBF,0xBF,0xFD,0xA4,0x00},
        {0x00,0x00,0x00,0x00,0x00,0x00,0xD4,0x00},
        {0x00,0x00,0x00,0x00,0x00,0x00,0x85,0x00},
        {0x00,0x00,0x00,0x00,0x00,0x00,0x00,0x00},
        {0x00,0x00,0x00,0x00,0x00,0x00,0x00,0x00},
        {0x00,0x00,0x00,0x00,0x00,0x00,0x00,0x00},
    },
    [55] = {  /* CP866 0xE7 */
        {0x00,0x00,0x00,0x00,0x00,0x00,0x00,0x00},
        {0x00,0x00,0x00,0x00,0x00,0x00,0x00,0x00},
        {0x00,0x00,0x00,0x00,0x00,0x00,0x00,0x00},
        {0x00,0x00,0x00,0x00,0x00,0x00,0x00,0x00},
        {0x00,0x13,0x2F,0x00,0x00,0x24,0x1E,0x00},
        {0x00,0x4A,0xBA,0x00,0x00,0x8F,0x76,0x00},
        {0x00,0x4A,0xBB,0x00,0x00,0x8F,0x76,0x00},
        {0x00,0x2A,0xE5,0x33,0x29,0xB6,0x76,0x00},
        {0x00,0x00,0x4F,0x9B,0x8C,0xB6,0x76,0x00},
        {0x00,0x00,0x00,0x00,0x00,0x8F,0x76,0x00},
        {0x00,0x00,0x00,0x00,0x00,0x8F,0x76,0x00},
        {0x00,0x00,0x00,0x00,0x00,0x00,0x00,0x00},
        {0x00,0x00,0x00,0x00,0x00,0x00,0x00,0x00},
        {0x00,0x00,0x00,0x00,0x00,0x00,0x00,0x00},
        {0x00,0x00,0x00,0x00,0x00,0x00,0x00,0x00},
        {0x00,0x00,0x00,0x00,0x00,0x00,0x00,0x00},
    },
    [56] = {  /* CP866 0xE8 */
        {0x00,0x00,0x00,0x00,0x00,0x00,0x00,0x00},
        {0x00,0x00,0x00,0x00,0x00,0x00,0x00,0x00},
        {0x00,0x00,0x00,0x00,0x00,0x00,0x00,0x00},
        {0x00,0x00,0x00,0x00,0x00,0x00,0x00,0x00},
        {0x00,0x2C,0x10,0x1B,0x21,0x0A,0x32,0x00},
        {0x00,0xAE,0x40,0x6A,0x84,0x26,0xC8,0x00},
        {0x00,0xAE,0x40,0x6A,0x84,0x26,0xC8,0x00},
        {0x00,0xAE,0x40,0x6A,0x84,0x26,0xC8,0x00},
        {0x00,0xAE,0x40,0x6A,0x84,0x26,0xC8,0x00},
        {0x00,0xAE,0x40,0x6A,0x84,0x26,0xC8,0x00},
        {0x00,0xAE,0xCF,0xDA,0xE0,0xC9,0xC8,0x00},
        {0x00,0x00,0x00,0x00,0x00,0x00,0x00,0x00},
        {0x00,0x00,0x00,0x00,0x00,0x00,0x00,0x00},
        {0x00,0x00,0x00,0x00,0x00,0x00,0x00,0x00},
        {0x00,0x00,0x00,0x00,0x00,0x00,0x00,0x00},
        {0x00,0x00,0x00,0x00,0x00,0x00,0x00,0x00},
    },
    [57] = {  /* CP866 0xE9 */
        {0x00,0x00,0x00,0x00,0x00,0x00,0x00,0x00},
        {0x00,0x00,0x00,0x00,0x00,0x00,0x00,0x00},
        {0x00,0x00,0x00,0x00,0x00,0x00,0x00,0x00},
        {0x00,0x00,0x00,0x00,0x00,0x00,0x00,0x00},
        {0x00,0x3B,0x00,0x2A,0x11,0x1A,0x22,0x00},
        {0x00,0xED,0x01,0xA9,0x45,0x66,0x89,0x00},
        {0x00,0xED,0x01,0xA9,0x45,0x66,0x89,0x00},
        {0x00,0xED,0x01,0xA9,0x45,0x66,0x89,0x00},
        {0x00,0xED,0x01,0xA9,0x45,0x66,0x89,0x00},
        {0x00,0xED,0x01,0xA9,0x45,0x66,0x89,0x00},
        {0x00,0xED,0xC0,0xEA,0xD1,0xD9,0xE9,0x45},
        {0x00,0x00,0x00,0x00,0x00,0x00,0x7F,0x55},
        {0x00,0x00,0x00,0x00,0x00,0x00,0x4F,0x35},
        {0x00,0x00,0x00,0x00,0x00,0x00,0x00,0x00},
        {0x00,0x00,0x00,0x00,0x00,0x00,0x00,0x00},
        {0x00,0x00,0x00,0x00,0x00,0x00,0x00,0x00},
    },
    [58] = {  /* CP866 0xEA */
        {0x00,0x00,0x00,0x00,0x00,0x00,0x00,0x00},
        {0x00,0x00,0x00,0x00,0x00,0x00,0x00,0x00},
        {0x00,0x00,0x00,0x00,0x00,0x00,0x00,0x00},
        {0x00,0x00,0x00,0x00,0x00,0x00,0x00,0x00},
        {0x0D,0x40,0x40,0x0C,0x00,0x00,0x00,0x00},
        {0x1B,0x80,0xEA,0x31,0x00,0x00,0x00,0x00},
        {0x00,0x00,0xD4,0x31,0x00,0x00,0x00,0x00},
        {0x00,0x00,0xD4,0xCC,0xBE,0xA5,0x38,0x00},
        {0x00,0x00,0xD4,0x31,0x02,0x48,0xF0,0x07},
        {0x00,0x00,0xD4,0x31,0x00,0x1A,0xFC,0x0D},
        {0x00,0x00,0xD4,0xCC,0xC0,0xD4,0x71,0x00},
        {0x00,0x00,0x00,0x00,0x00,0x00,0x00,0x00},
        {0x00,0x00,0x00,0x00,0x00,0x00,0x00,0x00},
        {0x00,0x00,0x00,0x00,0x00,0x00,0x00,0x00},
        {0x00,0x00,0x00,0x00,0x00,0x00,0x00,0x00},
        {0x00,0x00,0x00,0x00,0x00,0x00,0x00,0x00},
    },
    [59] = {  /* CP866 0xEB */
        {0x00,0x00,0x00,0x00,0x00,0x00,0x00,0x00},
        {0x00,0x00,0x00,0x00,0x00,0x00,0x00,0x00},
        {0x00,0x00,0x00,0x00,0x00,0x00,0x00,0x00},
        {0x00,0x00,0x00,0x00,0x00,0x00,0x00,0x00},
        {0x00,0x33,0x0E,0x00,0x00,0x08,0x39,0x00},
        {0x00,0xCB,0x36,0x00,0x00,0x20,0xE5,0x00},
        {0x00,0xCB,0x36,0x00,0x00,0x20,0xE5,0x00},
        {0x00,0xCB,0xCC,0xAB,0x46,0x20,0xE5,0x00},
        {0x00,0xCB,0x37,0x34,0xF4,0x38,0xE5,0x00},
        {0x00,0xCB,0x36,0x0B,0xF2,0x45,0xE5,0x00},
        {0x00,0xCB,0xCD,0xD3,0x86,0x20,0xE5,0x00},
        {0x00,0x00,0x00,0x00,0x00,0x00,0x00,0x00},
        {0x00,0x00,0x00,0x00,0x00,0x00,0x00,0x00},
        {0x00,0x00,0x00,0x00,0x00,0x00,0x00,0x00},
        {0x00,0x00,0x00,0x00,0x00,0x00,0x00,0x00},
        {0x00,0x00,0x00,0x00,0x00,0x00,0x00,0x00},
    },
    [60] = {  /* CP866 0xEC */
        {0x00,0x00,0x00,0x00,0x00,0x00,0x00,0x00},
        {0x00,0x00,0x00,0x00,0x00,0x00,0x00,0x00},
        {0x00,0x00,0x00,0x00,0x00,0x00,0x00,0x00},
        {0x00,0x00,0x00,0x00,0x00,0x00,0x00,0x00},
        {0x00,0x13,0x2F,0x00,0x00,0x00,0x00,0x00},
        {0x00,0x4A,0xBA,0x00,0x00,0x00,0x00,0x00},
        {0x00,0x4A,0xBA,0x00,0x00,0x00,0x00,0x00},
        {0x00,0x4A,0xEE,0xBF,0xB9,0x80,0x09,0x00},
        {0x00,0x4A,0xBA,0x00,0x0C,0xB0,0x80,0x00},
        {0x00,0x4A,0xBA,0x00,0x00,0x90,0x92,0x00},
        {0x00,0x4A,0xEE,0xBF,0xC6,0xC3,0x22,0x00},
        {0x00,0x00,0x00,0x00,0x00,0x00,0x00,0x00},
        {0x00,0x00,0x00,0x00,0x00,0x00,0x00,0x00},
        {0x00,0x00,0x00,0x00,0x00,0x00,0x00,0x00},
        {0x00,0x00,0x00,0x00,0x00,0x00,0x00,0x00},
        {0x00,0x00,0x00,0x00,0x00,0x00,0x00,0x00},
    },
    [61] = {  /* CP866 0xED */
        {0x00,0x00,0x00,0x00,0x00,0x00,0x00,0x00},
        {0x00,0x00,0x00,0x00,0x00,0x00,0x00,0x00},
        {0x00,0x00,0x00,0x00,0x00,0x00,0x00,0x00},
        {0x00,0x00,0x00,0x00,0x00,0x00,0x00,0x00},
        {0x00,0x04,0x41,0x5C,0x38,0x00,0x00,0x00},
        {0x00,0x49,0xAD,0x84,0xC9,0xA9,0x01,0x00},
        {0x00,0x03,0x00,0x00,0x06,0xD9,0x4A,0x00},
        {0x00,0x00,0x5C,0x9F,0x9F,0xDC,0x7E,0x00},
        {0x00,0x00,0x12,0x20,0x20,0xAC,0x77,0x00},
        {0x00,0x13,0x05,0x00,0x1B,0xEA,0x31,0x00},
        {0x00,0x34,0xD8,0xC3,0xE4,0x6B,0x00,0x00},
        {0x00,0x00,0x05,0x1C,0x06,0x00,0x00,0x00},
        {0x00,0x00,0x00,0x00,0x00,0x00,0x00,0x00},
        {0x00,0x00,0x00,0x00,0x00,0x00,0x00,0x00},
        {0x00,0x00,0x00,0x00,0x00,0x00,0x00,0x00},
        {0x00,0x00,0x00,0x00,0x00,0x00,0x00,0x00},
    },
    [62] = {  /* CP866 0xEE */
        {0x00,0x00,0x00,0x00,0x00,0x00,0x00,0x00},
        {0x00,0x00,0x00,0x00,0x00,0x00,0x00,0x00},
        {0x00,0x00,0x00,0x00,0x00,0x00,0x00,0x00},
        {0x00,0x00,0x00,0x00,0x00,0x00,0x00,0x00},
        {0x00,0x3C,0x05,0x01,0x48,0x45,0x01,0x00},
        {0x00,0xF0,0x15,0x8A,0xC4,0xC5,0x82,0x00},
        {0x00,0xF0,0x1A,0xF4,0x22,0x23,0xF1,0x03},
        {0x00,0xF0,0x98,0xF4,0x00,0x00,0xFB,0x19},
        {0x00,0xF0,0x61,0xF9,0x02,0x08,0xFE,0x15},
        {0x00,0xF0,0x16,0xE2,0x42,0x4D,0xE3,0x01},
        {0x00,0xF0,0x15,0x52,0xEF,0xEE,0x53,0x00},
        {0x00,0x00,0x00,0x00,0x0E,0x0D,0x00,0x00},
        {0x00,0x00,0x00,0x00,0x00,0x00,0x00,0x00},
        {0x00,0x00,0x00,0x00,0x00,0x00,0x00,0x00},
        {0x00,0x00,0x00,0x00,0x00,0x00,0x00,0x00},
        {0x00,0x00,0x00,0x00,0x00,0x00,0x00,0x00},
    },
    [63] = {  /* CP866 0xEF */
        {0x00,0x00,0x00,0x00,0x00,0x00,0x00,0x00},
        {0x00,0x00,0x00,0x00,0x00,0x00,0x00,0x00},
        {0x00,0x00,0x00,0x00,0x00,0x00,0x00,0x00},
        {0x00,0x00,0x00,0x00,0x00,0x00,0x00,0x00},
        {0x00,0x00,0x03,0x34,0x40,0x40,0x06,0x00},
        {0x00,0x04,0xCA,0x9F,0x80,0xF7,0x17,0x00},
        {0x00,0x27,0xE4,0x00,0x00,0xEE,0x17,0x00},
        {0x00,0x0B,0xE4,0x5F,0x40,0xF2,0x17,0x00},
        {0x00,0x00,0x2D,0xEB,0x80,0xF7,0x17,0x00},
        {0x00,0x00,0x93,0x6C,0x00,0xEE,0x17,0x00},
        {0x00,0x2B,0xD1,0x04,0x00,0xEE,0x17,0x00},
        {0x00,0x00,0x00,0x00,0x00,0x00,0x00,0x00},
        {0x00,0x00,0x00,0x00,0x00,0x00,0x00,0x00},
        {0x00,0x00,0x00,0x00,0x00,0x00,0x00,0x00},
        {0x00,0x00,0x00,0x00,0x00,0x00,0x00,0x00},
        {0x00,0x00,0x00,0x00,0x00,0x00,0x00,0x00},
    },
};
